{
    "fsrMinCompatibility": "7.2.0",
    "date": "2023-01-27T16:12:10+00:00",
    "exported_from": "fortisoar.fortidemo.fortinet.com",
    "exported_by": "CS Admin",
    "contents": {
        "picklistNames": [
            {
                "name": "Audit Status"
            },
            {
                "name": "Fortigate Action"
            }
        ],
        "modules": {
            "policies": {
                "name": "Policies",
                "apiName": "policies"
            }
        },
        "viewTemplates": {
            "policies": {
                "name": "Policies",
                "apiName": "policies",
                "views": [
                    "list",
                    "detail",
                    "form"
                ]
            }
        },
        "views": {
            "navigation": [
                "Dashboard",
                "Queue & Shift Management",
                "Incident Response",
                "Automation",
                "Resources",
                "Reports",
                "Widget Library",
                "Content Hub",
                "Help",
                "User Community",
                "Simulations"
            ]
        },
        "roles": [
            {
                "name": "Full App Permissions"
            }
        ],
        "playbooks": [
            {
                "name": "00 - Policy Playbooks"
            }
        ],
        "globalVariables": [],
        "dashboards": [
            {
                "name": "SOC Review"
            }
        ],
        "connectors": [
            {
                "name": "Fortinet FortiGate Custom",
                "apiName": "fortigate-firewall_dev",
                "version": "5.2.0"
            }
        ]
    }
}