{
    "fsrMinCompatibility": "7.2.0",
    "date": "2023-02-08T15:50:59+00:00",
    "exported_from": "prt02090F000406",
    "exported_by": "CS Admin",
    "contents": {
        "picklistNames": [
            {
                "name": "RecordType"
            }
        ],
        "actors": [
            {
                "name": "soc User4"
            },
            {
                "name": "Soc User1"
            },
            {
                "name": "Soc User2"
            },
            {
                "name": "Soc User3"
            },
            {
                "name": "Soc User5"
            }
        ],
        "playbooks": [
            {
                "name": "System-Helpers"
            }
        ],
        "globalVariables": [],
        "dashboards": [
            {
                "name": "System-Records"
            }
        ]
    }
}