{
    "@context": "\/api\/3\/contexts\/SystemViewTemplate",
    "@type": "SystemViewTemplate",
    "type": "rows",
    "config": {
        "rows": [
            {
                "columns": [
                    {
                        "widgets": [
                            {
                                "type": "chart",
                                "config": {
                                    "wid": "0b0ec036-074b-4564-a51c-076055c8d62e",
                                    "widgetAlwaysDisplay": true,
                                    "query": {
                                        "sort": [
                                            {
                                                "field": "auditStatus.orderIndex",
                                                "direction": "ASC"
                                            }
                                        ],
                                        "limit": 2147483647,
                                        "logic": "AND",
                                        "filters": [],
                                        "aggregates": [
                                            {
                                                "operator": "countdistinct",
                                                "field": "*",
                                                "alias": "total"
                                            },
                                            {
                                                "operator": "groupby",
                                                "alias": "auditStatus",
                                                "field": "auditStatus.itemValue"
                                            },
                                            {
                                                "operator": "groupby",
                                                "alias": "color",
                                                "field": "auditStatus.color"
                                            },
                                            {
                                                "operator": "groupby",
                                                "alias": "orderIndex",
                                                "field": "auditStatus.orderIndex"
                                            }
                                        ]
                                    },
                                    "mapping": {
                                        "fieldName": "auditStatus"
                                    },
                                    "assignedToSetting": "onlyMe",
                                    "aggregate": true,
                                    "title": "Audit Completion",
                                    "resource": "policies",
                                    "chart": "pie"
                                }
                            }
                        ],
                        "style": "col-lg-12"
                    }
                ],
                "wid": "b361867c-d759-447f-8365-6ae2972677d1",
                "_collapsed": false
            },
            {
                "columns": [
                    {
                        "widgets": [
                            {
                                "type": "grid",
                                "config": {
                                    "wid": "8a39079b-c7a0-41b2-81ba-334927d281ef"
                                }
                            }
                        ],
                        "style": "col-lg-12"
                    }
                ],
                "wid": "29005efa-644c-4d26-b19a-d085a1aa10f2",
                "_collapsed": false
            }
        ],
        "wid": "d7ca5f50-a10e-46da-962f-ac016a52a6ee",
        "metadata": {
            "customTemplateTitle": "Policies",
            "originalTemplateTitle": "Policies"
        }
    },
    "uuid": "modules-policies-list"
}