{
    "@context": "\/api\/3\/contexts\/StagingModelMetadata",
    "@id": "\/api\/3\/staging_model_metadatas\/dacd9916-8b4b-4ed4-a4b7-e6842f77ee4b",
    "@type": "StagingModelMetadata",
    "type": "policies",
    "parentType": null,
    "tableName": "policy",
    "ownable": false,
    "userOwnable": false,
    "queueable": false,
    "trackable": true,
    "taggable": true,
    "peerReplicable": false,
    "defaultSort": [],
    "uniqueConstraint": [
        {
            "policies_unique": {
                "columns": [
                    "name"
                ]
            }
        }
    ],
    "indexable": true,
    "writable": true,
    "attributes": [
        {
            "@id": "\/api\/3\/attribute_metadatas\/de1febd2-bfd3-4f90-8a5a-7d6771fb7d4e",
            "@type": "AttributeMetadata",
            "type": "assets",
            "name": "assets",
            "length": null,
            "orderIndex": 13,
            "formType": "manyToMany",
            "dataSource": {
                "model": "assets"
            },
            "searchable": false,
            "peerReplicable": true,
            "system": false,
            "encrypted": false,
            "gridColumn": false,
            "collection": true,
            "inversedField": "policies",
            "ownsRelationship": true,
            "validation": {
                "required": false,
                "minlength": 0,
                "maxlength": 10485761
            },
            "bulkAction": [],
            "dataSourceFilters": null,
            "defaultValue": null,
            "tooltip": null,
            "visibility": true,
            "htmlEscape": false,
            "orphanRemoval": null,
            "readable": true,
            "writeable": true,
            "identifier": null,
            "unique": false,
            "recommend": false,
            "uuid": "de1febd2-bfd3-4f90-8a5a-7d6771fb7d4e",
            "displayName": "{{ assets }}",
            "descriptions": {
                "singular": "Assets"
            }
        },
        {
            "@id": "\/api\/3\/attribute_metadatas\/fe0031be-62e8-4ad0-9b51-9183fb0e412e",
            "@type": "AttributeMetadata",
            "type": "string",
            "name": "fortiGateSerial",
            "length": null,
            "orderIndex": 5,
            "formType": "text",
            "dataSource": null,
            "searchable": false,
            "peerReplicable": true,
            "system": false,
            "encrypted": false,
            "gridColumn": false,
            "collection": false,
            "inversedField": null,
            "ownsRelationship": false,
            "validation": {
                "required": false,
                "minlength": 0,
                "maxlength": 10485761
            },
            "bulkAction": {
                "allow": false,
                "buttonText": "",
                "buttonIcon": "",
                "buttonClass": "btn btn-default btn-sm"
            },
            "dataSourceFilters": null,
            "defaultValue": "",
            "tooltip": null,
            "visibility": true,
            "htmlEscape": false,
            "orphanRemoval": null,
            "readable": true,
            "writeable": true,
            "identifier": null,
            "unique": false,
            "recommend": false,
            "uuid": "fe0031be-62e8-4ad0-9b51-9183fb0e412e",
            "displayName": "{{ fortiGateSerial }}",
            "descriptions": {
                "singular": "FortiGate Serial"
            }
        },
        {
            "@id": "\/api\/3\/attribute_metadatas\/ddff029a-3a0c-4928-9848-2e9ed339825f",
            "@type": "AttributeMetadata",
            "type": "string",
            "name": "businessJustification",
            "length": null,
            "orderIndex": 7,
            "formType": "textarea",
            "dataSource": null,
            "searchable": true,
            "peerReplicable": true,
            "system": false,
            "encrypted": false,
            "gridColumn": false,
            "collection": false,
            "inversedField": null,
            "ownsRelationship": false,
            "validation": {
                "required": false,
                "minlength": 0,
                "maxlength": 10485761,
                "_enableRange": false
            },
            "bulkAction": {
                "allow": false,
                "buttonText": "",
                "buttonIcon": "",
                "buttonClass": "btn btn-default btn-sm"
            },
            "dataSourceFilters": null,
            "defaultValue": null,
            "tooltip": "Adding comments here will update the comments on the fortigate",
            "visibility": true,
            "htmlEscape": false,
            "orphanRemoval": null,
            "readable": true,
            "writeable": true,
            "identifier": null,
            "unique": false,
            "recommend": false,
            "uuid": "ddff029a-3a0c-4928-9848-2e9ed339825f",
            "displayName": "{{ businessJustification }}",
            "descriptions": {
                "singular": "Business Justification"
            }
        },
        {
            "@id": "\/api\/3\/attribute_metadatas\/a2c1a078-e460-4dad-afee-77ede2848631",
            "@type": "AttributeMetadata",
            "type": "integer",
            "name": "nextReviewTime",
            "length": null,
            "orderIndex": 12,
            "formType": "datetime",
            "dataSource": null,
            "searchable": true,
            "peerReplicable": true,
            "system": false,
            "encrypted": false,
            "gridColumn": false,
            "collection": false,
            "inversedField": null,
            "ownsRelationship": false,
            "validation": {
                "required": false,
                "minlength": 0,
                "maxlength": 10485761
            },
            "bulkAction": {
                "allow": false,
                "buttonText": "",
                "buttonIcon": "",
                "buttonClass": "btn btn-default btn-sm"
            },
            "dataSourceFilters": null,
            "defaultValue": null,
            "tooltip": null,
            "visibility": true,
            "htmlEscape": false,
            "orphanRemoval": null,
            "readable": true,
            "writeable": true,
            "identifier": null,
            "unique": false,
            "recommend": false,
            "uuid": "a2c1a078-e460-4dad-afee-77ede2848631",
            "displayName": "{{ nextReviewTime }}",
            "descriptions": {
                "singular": "Next Review Time"
            }
        },
        {
            "@id": "\/api\/3\/attribute_metadatas\/79efb5dc-5689-428b-b3ee-590e434a43a7",
            "@type": "AttributeMetadata",
            "type": "integer",
            "name": "lastReviewedTime",
            "length": null,
            "orderIndex": 11,
            "formType": "datetime",
            "dataSource": null,
            "searchable": true,
            "peerReplicable": true,
            "system": false,
            "encrypted": false,
            "gridColumn": false,
            "collection": false,
            "inversedField": null,
            "ownsRelationship": false,
            "validation": {
                "required": false,
                "minlength": 0,
                "maxlength": 10485761
            },
            "bulkAction": {
                "allow": false,
                "buttonText": "",
                "buttonIcon": "",
                "buttonClass": "btn btn-default btn-sm"
            },
            "dataSourceFilters": null,
            "defaultValue": null,
            "tooltip": null,
            "visibility": true,
            "htmlEscape": false,
            "orphanRemoval": null,
            "readable": true,
            "writeable": true,
            "identifier": null,
            "unique": false,
            "recommend": false,
            "uuid": "79efb5dc-5689-428b-b3ee-590e434a43a7",
            "displayName": "{{ lastReviewedTime }}",
            "descriptions": {
                "singular": "Last Reviewed Time"
            }
        },
        {
            "@id": "\/api\/3\/attribute_metadatas\/2c751b45-ebc0-460e-ba14-df76b468c822",
            "@type": "AttributeMetadata",
            "type": "string",
            "name": "name",
            "length": null,
            "orderIndex": 2,
            "formType": "text",
            "dataSource": null,
            "searchable": true,
            "peerReplicable": true,
            "system": false,
            "encrypted": false,
            "gridColumn": true,
            "collection": false,
            "inversedField": null,
            "ownsRelationship": false,
            "validation": {
                "required": true,
                "minlength": 0,
                "maxlength": 255
            },
            "bulkAction": {
                "allow": false,
                "buttonText": "",
                "buttonIcon": "",
                "buttonClass": "btn btn-default btn-sm"
            },
            "dataSourceFilters": null,
            "defaultValue": "",
            "tooltip": "Name of the Policy",
            "visibility": true,
            "htmlEscape": false,
            "orphanRemoval": null,
            "readable": true,
            "writeable": true,
            "identifier": null,
            "unique": false,
            "recommend": false,
            "uuid": "2c751b45-ebc0-460e-ba14-df76b468c822",
            "displayName": "{{ name }}",
            "descriptions": {
                "singular": "Name"
            }
        },
        {
            "@id": "\/api\/3\/attribute_metadatas\/912ce51c-456e-4239-a208-981be0f385d2",
            "@type": "AttributeMetadata",
            "type": "integer",
            "name": "policyID",
            "length": null,
            "orderIndex": 1,
            "formType": "integer",
            "dataSource": null,
            "searchable": true,
            "peerReplicable": true,
            "system": false,
            "encrypted": false,
            "gridColumn": true,
            "collection": false,
            "inversedField": null,
            "ownsRelationship": false,
            "validation": {
                "required": false,
                "minlength": -2147483648,
                "maxlength": 10485761
            },
            "bulkAction": {
                "allow": false,
                "buttonText": "",
                "buttonIcon": "",
                "buttonClass": "btn btn-default btn-sm"
            },
            "dataSourceFilters": null,
            "defaultValue": null,
            "tooltip": "Stores the fortigate policy id",
            "visibility": true,
            "htmlEscape": false,
            "orphanRemoval": null,
            "readable": true,
            "writeable": true,
            "identifier": null,
            "unique": false,
            "recommend": false,
            "uuid": "912ce51c-456e-4239-a208-981be0f385d2",
            "displayName": "{{ policyID }}",
            "descriptions": {
                "singular": "Policy ID"
            }
        },
        {
            "@id": "\/api\/3\/attribute_metadatas\/5a9ccd25-16e4-4b07-923f-38ebba0e9eb1",
            "@type": "AttributeMetadata",
            "type": "string",
            "name": "sourcedata",
            "length": null,
            "orderIndex": 8,
            "formType": "textarea",
            "dataSource": null,
            "searchable": true,
            "peerReplicable": true,
            "system": false,
            "encrypted": false,
            "gridColumn": false,
            "collection": false,
            "inversedField": null,
            "ownsRelationship": false,
            "validation": {
                "required": false,
                "minlength": 0,
                "maxlength": 10485761
            },
            "bulkAction": {
                "allow": false,
                "buttonText": "",
                "buttonIcon": "",
                "buttonClass": "btn btn-default btn-sm"
            },
            "dataSourceFilters": null,
            "defaultValue": null,
            "tooltip": "The field stores the raw json data that was used to create this record",
            "visibility": true,
            "htmlEscape": false,
            "orphanRemoval": null,
            "readable": true,
            "writeable": true,
            "identifier": null,
            "unique": false,
            "recommend": false,
            "uuid": "5a9ccd25-16e4-4b07-923f-38ebba0e9eb1",
            "displayName": "{{ sourcedata }}",
            "descriptions": {
                "singular": "Sourcedata"
            }
        },
        {
            "@id": "\/api\/3\/attribute_metadatas\/ceeeee2a-6bbb-487e-9447-039e4576acc2",
            "@type": "AttributeMetadata",
            "type": "string",
            "name": "description",
            "length": null,
            "orderIndex": 9,
            "formType": "richtext",
            "dataSource": null,
            "searchable": true,
            "peerReplicable": true,
            "system": false,
            "encrypted": false,
            "gridColumn": false,
            "collection": false,
            "inversedField": null,
            "ownsRelationship": false,
            "validation": {
                "required": false,
                "minlength": 0,
                "maxlength": 10485761,
                "_enableRange": false
            },
            "bulkAction": {
                "allow": false,
                "buttonText": "",
                "buttonIcon": "",
                "buttonClass": "btn btn-default btn-sm"
            },
            "dataSourceFilters": null,
            "defaultValue": null,
            "tooltip": "Quick view field for the policy",
            "visibility": true,
            "htmlEscape": false,
            "orphanRemoval": null,
            "readable": true,
            "writeable": true,
            "identifier": null,
            "unique": false,
            "recommend": false,
            "uuid": "ceeeee2a-6bbb-487e-9447-039e4576acc2",
            "displayName": "{{ description }}",
            "descriptions": {
                "singular": "Description"
            }
        },
        {
            "@id": "\/api\/3\/attribute_metadatas\/978b8bab-9973-4bdd-a116-2f27ed34ac8d",
            "@type": "AttributeMetadata",
            "type": "picklists",
            "name": "action",
            "length": null,
            "orderIndex": 3,
            "formType": "picklist",
            "dataSource": {
                "model": "picklists",
                "query": {
                    "logic": "AND",
                    "filters": [
                        {
                            "field": "listName__name",
                            "operator": "eq",
                            "value": "Fortigate Action"
                        }
                    ],
                    "sort": [
                        {
                            "field": "orderIndex",
                            "direction": "ASC"
                        }
                    ]
                },
                "displayConditions": {
                    "c99a753b-f56b-49ba-9820-408a4fded9de": {
                        "visibility": "visible",
                        "conditions": null
                    },
                    "7f143f82-0566-4ef3-a07a-74a5a5273b09": {
                        "visibility": "visible",
                        "conditions": null
                    }
                }
            },
            "searchable": false,
            "peerReplicable": true,
            "system": false,
            "encrypted": false,
            "gridColumn": true,
            "collection": false,
            "inversedField": null,
            "ownsRelationship": false,
            "validation": {
                "required": false,
                "minlength": 0,
                "maxlength": 10485761,
                "_enableRange": false
            },
            "bulkAction": {
                "allow": false,
                "buttonText": "",
                "buttonIcon": "",
                "buttonClass": "btn btn-default btn-sm"
            },
            "dataSourceFilters": null,
            "defaultValue": null,
            "tooltip": "Either Allow or Deny on the policy action",
            "visibility": true,
            "htmlEscape": false,
            "orphanRemoval": null,
            "readable": true,
            "writeable": true,
            "identifier": null,
            "unique": false,
            "recommend": false,
            "uuid": "978b8bab-9973-4bdd-a116-2f27ed34ac8d",
            "displayName": "{{ action }}",
            "descriptions": {
                "singular": "Action"
            }
        },
        {
            "@id": "\/api\/3\/attribute_metadatas\/0509db9d-47ca-487c-901b-6009300d1fed",
            "@type": "AttributeMetadata",
            "type": "boolean",
            "name": "nATEnabled",
            "length": null,
            "orderIndex": 10,
            "formType": "checkbox",
            "dataSource": null,
            "searchable": true,
            "peerReplicable": true,
            "system": false,
            "encrypted": false,
            "gridColumn": false,
            "collection": false,
            "inversedField": null,
            "ownsRelationship": false,
            "validation": {
                "required": false,
                "minlength": 0,
                "maxlength": 10485761,
                "_enableRange": false
            },
            "bulkAction": {
                "allow": false,
                "buttonText": "",
                "buttonIcon": "",
                "buttonClass": "btn btn-default btn-sm"
            },
            "dataSourceFilters": null,
            "defaultValue": null,
            "tooltip": "A check means nat is enabled, no check means NAT disabled",
            "visibility": true,
            "htmlEscape": false,
            "orphanRemoval": null,
            "readable": true,
            "writeable": true,
            "identifier": null,
            "unique": false,
            "recommend": false,
            "uuid": "0509db9d-47ca-487c-901b-6009300d1fed",
            "displayName": "{{ nATEnabled }}",
            "descriptions": {
                "singular": "NAT Enabled"
            }
        },
        {
            "@id": "\/api\/3\/attribute_metadatas\/4afff8ac-a5b8-4797-83ff-17f9b33fe9b4",
            "@type": "AttributeMetadata",
            "type": "picklists",
            "name": "auditStatus",
            "length": null,
            "orderIndex": 3,
            "formType": "picklist",
            "dataSource": {
                "model": "picklists",
                "query": {
                    "logic": "AND",
                    "filters": [
                        {
                            "field": "listName__name",
                            "operator": "eq",
                            "value": "Audit Status"
                        }
                    ],
                    "sort": [
                        {
                            "field": "orderIndex",
                            "direction": "ASC"
                        }
                    ]
                },
                "displayConditions": {
                    "f64c4652-7d1a-46b6-9415-5176da6867a1": {
                        "visibility": "visible",
                        "conditions": null
                    },
                    "05f8b475-f9d1-4297-9440-c32758f15daa": {
                        "visibility": "visible",
                        "conditions": null
                    }
                }
            },
            "searchable": false,
            "peerReplicable": true,
            "system": false,
            "encrypted": false,
            "gridColumn": true,
            "collection": false,
            "inversedField": null,
            "ownsRelationship": false,
            "validation": {
                "required": false,
                "minlength": 0,
                "maxlength": 10485761,
                "_enableRange": false
            },
            "bulkAction": {
                "allow": false,
                "buttonText": "",
                "buttonIcon": "",
                "buttonClass": "btn btn-default btn-sm"
            },
            "dataSourceFilters": null,
            "defaultValue": null,
            "tooltip": null,
            "visibility": true,
            "htmlEscape": false,
            "orphanRemoval": null,
            "readable": true,
            "writeable": true,
            "identifier": null,
            "unique": false,
            "recommend": false,
            "uuid": "4afff8ac-a5b8-4797-83ff-17f9b33fe9b4",
            "displayName": "{{ auditStatus }}",
            "descriptions": {
                "singular": "Audit Status"
            }
        },
        {
            "@id": "\/api\/3\/attribute_metadatas\/671b4bf6-ed9e-46b3-bf38-7a1a85474d6b",
            "@type": "AttributeMetadata",
            "type": "string",
            "name": "policyStatus",
            "length": null,
            "orderIndex": 6,
            "formType": "text",
            "dataSource": null,
            "searchable": true,
            "peerReplicable": true,
            "system": false,
            "encrypted": false,
            "gridColumn": false,
            "collection": false,
            "inversedField": null,
            "ownsRelationship": false,
            "validation": {
                "required": false,
                "minlength": 0,
                "maxlength": 10485761,
                "_enableRange": false
            },
            "bulkAction": {
                "allow": false,
                "buttonText": "",
                "buttonIcon": "",
                "buttonClass": "btn btn-default btn-sm"
            },
            "dataSourceFilters": null,
            "defaultValue": null,
            "tooltip": "Indicates where the fortigate policy is enabled or disabled",
            "visibility": true,
            "htmlEscape": false,
            "orphanRemoval": null,
            "readable": true,
            "writeable": true,
            "identifier": null,
            "unique": false,
            "recommend": false,
            "uuid": "671b4bf6-ed9e-46b3-bf38-7a1a85474d6b",
            "displayName": "{{ policyStatus }}",
            "descriptions": {
                "singular": "Policy Status"
            }
        }
    ],
    "system": false,
    "module": "policies",
    "softDeleteable": false,
    "archivable": false,
    "paused": false,
    "partitionBy": "modifyDate",
    "archivalCriteria": {
        "keep_primary_data_for": 24,
        "delete_primary_data_after": 60
    },
    "archivalFilters": [],
    "uuid": "dacd9916-8b4b-4ed4-a4b7-e6842f77ee4b",
    "displayName": "{{ name }} {{ policyID }}",
    "descriptions": {
        "singular": "Policy",
        "plural": "Policies"
    }
}