User name,Password,Display,Ldap name,Radius name
althea.mcfall@financial.local,ENC -003GYd/obBe8xSs/z6lu/patC9W9SzLrY+v8/ubg8Pub1xkFp/abN9cfURvZSnjy39ZlSgDPjqSLNhXrYEr+Vgqfaet5MGPs0XpmIw7ltYod9I418,Althea McFall,,
csadmin@financial.local,ENC -0QQIhVFlnBHfPmDVnVE6TPg92owxYh6jOwchN+tVpqva1uWD8HEGmK+CXpCVXaIIjiJwePFve3Cr4NoxqYqFZ46PksMQ3KbcUBMtfDjjjxn03amKq,csadmin,,
mary.brown@financial.local,ENC -0Hl+NLWjZIAHXYv6m99U6RKY4+3IEF3/QP5w7jFdouh3WraT0+9XMBioEjqRvDx6ucC0jeax2l0h0u4wMQAlbFhQVduUNKpjZdhuJcMUl4fCszP04,Mary Brown,,
socuser1@financial.local,ENC -0GND6/WxowXxdfLw1IzHFGgD7s3zWtsdoOmImWY3c/xt3Y7TLAqDGAhenrwR1cVzPZHvM5AzqLquiThZkcxR2nib1dSO6AS78tYjCP7laz8sx4B9I,SOC User1,,
socuser2@financial.local,ENC -0GND6/WxowXxdfLw1IzHFGgD7s3zWtsdoOmImWY3c/xt3Y7TLAqDGAhenrwR1cVzPZHvM5AzqLquiThZkcxR2nib1dSO6AS78tYjCP7laz8sx4B9I,SOC User2,,
socuser3@financial.local,ENC -0GND6/WxowXxdfLw1IzHFGgD7s3zWtsdoOmImWY3c/xt3Y7TLAqDGAhenrwR1cVzPZHvM5AzqLquiThZkcxR2nib1dSO6AS78tYjCP7laz8sx4B9I,SOC User3,,
socuser4@financial.local,ENC -0GND6/WxowXxdfLw1IzHFGgD7s3zWtsdoOmImWY3c/xt3Y7TLAqDGAhenrwR1cVzPZHvM5AzqLquiThZkcxR2nib1dSO6AS78tYjCP7laz8sx4B9I,SOC User4,,
socuser5@financial.local,ENC -0GND6/WxowXxdfLw1IzHFGgD7s3zWtsdoOmImWY3c/xt3Y7TLAqDGAhenrwR1cVzPZHvM5AzqLquiThZkcxR2nib1dSO6AS78tYjCP7laz8sx4B9I,SOC User5,,
