{
    "@type": "Workflow",
    "triggerLimit": null,
    "name": "Activate all users",
    "aliasName": null,
    "tag": null,
    "description": null,
    "isActive": true,
    "debug": true,
    "singleRecordExecution": false,
    "remoteExecutableFlag": false,
    "parameters": [],
    "synchronous": false,
    "collection": "\/api\/3\/workflow_collections\/288c0ecb-d638-4c14-a963-0308451f25d5",
    "versions": [],
    "triggerStep": "\/api\/3\/workflow_steps\/e19a9f1a-89f1-42aa-a354-0ca1e1df3efa",
    "steps": [
        {
            "@type": "WorkflowStep",
            "name": "Get all Users",
            "description": null,
            "arguments": {
                "params": {
                    "iri": "\/api\/3\/people",
                    "body": "",
                    "method": "GET"
                },
                "version": "3.2.1",
                "connector": "cyops_utilities",
                "operation": "make_cyops_request",
                "operationTitle": "FSR: Make FortiSOAR API Call",
                "step_variables": {
                    "users": "{{vars.result.data['hydra:member']}}"
                }
            },
            "status": null,
            "top": "180",
            "left": "40",
            "stepType": "\/api\/3\/workflow_step_types\/0109f35d-090b-4a2b-bd8a-94cbc3508562",
            "group": null,
            "uuid": "3766113d-d0e6-4b66-804f-d39b91299235"
        },
        {
            "@type": "WorkflowStep",
            "name": "Start",
            "description": null,
            "arguments": {
                "route": "f57c8b21-48f5-437f-b382-3a07b0ffaaa0",
                "title": "Activate All Users",
                "resources": [
                    "alerts",
                    "policies",
                    "incidents"
                ],
                "inputVariables": [],
                "step_variables": {
                    "input": {
                        "params": [],
                        "records": "{{vars.input.records}}"
                    }
                },
                "executeButtonText": "Execute",
                "noRecordExecution": true,
                "singleRecordExecution": false
            },
            "status": null,
            "top": "40",
            "left": "40",
            "stepType": "\/api\/3\/workflow_step_types\/f414d039-bb0d-4e59-9c39-a8f1e880b18a",
            "group": null,
            "uuid": "e19a9f1a-89f1-42aa-a354-0ca1e1df3efa"
        },
        {
            "@type": "WorkflowStep",
            "name": "Update users to Active",
            "description": null,
            "arguments": {
                "params": {
                    "iri": "\/api\/3\/people\/{{vars.item.uuid}}",
                    "body": "{\"csActive\": True}",
                    "method": "PUT"
                },
                "version": "3.2.1",
                "for_each": {
                    "item": "{{vars.users}}",
                    "parallel": false,
                    "condition": ""
                },
                "connector": "cyops_utilities",
                "operation": "make_cyops_request",
                "operationTitle": "FSR: Make FortiSOAR API Call",
                "step_variables": []
            },
            "status": null,
            "top": "300",
            "left": "40",
            "stepType": "\/api\/3\/workflow_step_types\/0109f35d-090b-4a2b-bd8a-94cbc3508562",
            "group": null,
            "uuid": "f449bd8f-73ce-4889-8e89-4381abd0225d"
        }
    ],
    "routes": [
        {
            "@type": "WorkflowRoute",
            "name": "Get all Users -> Update users to Active",
            "targetStep": "\/api\/3\/workflow_steps\/f449bd8f-73ce-4889-8e89-4381abd0225d",
            "sourceStep": "\/api\/3\/workflow_steps\/3766113d-d0e6-4b66-804f-d39b91299235",
            "label": null,
            "isExecuted": false,
            "uuid": "32c62ecd-dd01-47f6-9d21-c0946fe6da55"
        },
        {
            "@type": "WorkflowRoute",
            "name": "Start -> Get all Users",
            "targetStep": "\/api\/3\/workflow_steps\/3766113d-d0e6-4b66-804f-d39b91299235",
            "sourceStep": "\/api\/3\/workflow_steps\/e19a9f1a-89f1-42aa-a354-0ca1e1df3efa",
            "label": null,
            "isExecuted": false,
            "uuid": "eb23c444-93b0-46ff-b1a1-61637ecc51a3"
        }
    ],
    "groups": [],
    "priority": "\/api\/3\/picklists\/2b563c61-ae2c-41c0-a85a-c9709585e3f2",
    "uuid": "1e75a6d8-9a09-4ded-8e61-5b82728eaece",
    "owners": [],
    "isPrivate": false,
    "deletedAt": null,
    "recordTags": []
}