{
    "@type": "Workflow",
    "triggerLimit": null,
    "name": "Import Fortigate Policies",
    "aliasName": null,
    "tag": null,
    "description": null,
    "isActive": true,
    "debug": true,
    "singleRecordExecution": false,
    "remoteExecutableFlag": false,
    "parameters": [],
    "synchronous": false,
    "collection": "\/api\/3\/workflow_collections\/288c0ecb-d638-4c14-a963-0308451f25d5",
    "versions": [],
    "triggerStep": "\/api\/3\/workflow_steps\/e9ad49c6-32c9-442c-b463-5510f8e9fbc0",
    "steps": [
        {
            "@type": "WorkflowStep",
            "name": "Create Policy Records",
            "description": null,
            "arguments": {
                "for_each": {
                    "item": "{{vars.policies}}",
                    "__bulk": true,
                    "parallel": false,
                    "condition": "",
                    "batch_size": 100
                },
                "resource": {
                    "name": "{{vars.item.name or \"No name on policy\"}}",
                    "action": "{{\"Fortigate Action\" | picklist(\"Accept\", \"@id\") if vars.item.action == \"accept\" else \"Fortigate Action\" | picklist(\"Deny\", \"@id\")}}",
                    "policyID": "{{vars.item.policyid}}",
                    "__replace": "true",
                    "nATEnabled": "{{true if vars.item.nat == \"enabled\" else false}}",
                    "sourcedata": "{{vars.item | toJSON}}",
                    "auditStatus": "\/api\/3\/picklists\/f64c4652-7d1a-46b6-9415-5176da6867a1",
                    "description": "{{vars.item | json_query('{srcaddr:srcaddr |[].name | join(`, `, @), srcintf:srcintf |[].name | join(`, `, @), dstaddr:dstaddr|[].name | join(`, `, @), dstintf : dstintf |[].name | join(`, `, @), service:service |[].name | join(`, `, @), status: status, nat:nat, comments: comments}') | json2html(row_fields= [\"srcaddr\",\"srcintf\",\"dstaddr\",\"dstintf\",\"service\",\"status\",\"nat\",\"comments\"], template=\"Stylized with row selection\", display=\"Vertical\")}}",
                    "policyStatus": "{{vars.item.status | title}}",
                    "fortiGateSerial": "{{vars.fgt_serial}}",
                    "__fieldsToUpdate": [
                        "name",
                        "policyStatus",
                        "sourcedata",
                        "description",
                        "nATEnabled"
                    ]
                },
                "operation": "Overwrite",
                "collection": "\/api\/3\/upsert\/policies",
                "__recommend": [],
                "fieldOperation": {
                    "recordTags": "Overwrite"
                },
                "step_variables": []
            },
            "status": null,
            "top": "420",
            "left": "40",
            "stepType": "\/api\/3\/workflow_step_types\/2597053c-e718-44b4-8394-4d40fe26d357",
            "group": null,
            "uuid": "0d9cf7aa-8ca6-4960-aaac-88df8a637bfc"
        },
        {
            "@type": "WorkflowStep",
            "name": "Get Policies",
            "description": null,
            "arguments": {
                "name": "Fortinet FortiGate",
                "config": "0bd845f8-406d-478c-af81-4da90ef60f7f",
                "params": [],
                "version": "5.2.0",
                "connector": "fortigate-firewall",
                "operation": "get_list_of_policies",
                "operationTitle": "Get List of Policies",
                "pickFromTenant": false,
                "step_variables": []
            },
            "status": null,
            "top": "160",
            "left": "40",
            "stepType": "\/api\/3\/workflow_step_types\/0bfed618-0316-11e7-93ae-92361f002671",
            "group": null,
            "uuid": "a64396e7-3ee8-4b60-9360-3cadf80420b1"
        },
        {
            "@type": "WorkflowStep",
            "name": "Set policies",
            "description": null,
            "arguments": {
                "policies": "{{vars.steps.Get_Policies.data.result[0].results}}",
                "fgt_serial": "{{vars.steps.Get_Policies.data.result[0].serial}}"
            },
            "status": null,
            "top": "280",
            "left": "40",
            "stepType": "\/api\/3\/workflow_step_types\/04d0cf46-b6a8-42c4-8683-60a7eaa69e8f",
            "group": null,
            "uuid": "c1cfd931-ff32-40d2-809f-2363c21a07d0"
        },
        {
            "@type": "WorkflowStep",
            "name": "Start",
            "description": null,
            "arguments": {
                "route": "cc2a0db6-3410-496c-bb3d-7667de8770e4",
                "title": "Import Fortigate Policies",
                "resources": [
                    "policies"
                ],
                "inputVariables": [],
                "step_variables": {
                    "input": {
                        "params": [],
                        "records": "{{vars.input.records}}"
                    }
                },
                "executeButtonText": "Execute",
                "noRecordExecution": true,
                "singleRecordExecution": false
            },
            "status": null,
            "top": "40",
            "left": "40",
            "stepType": "\/api\/3\/workflow_step_types\/f414d039-bb0d-4e59-9c39-a8f1e880b18a",
            "group": null,
            "uuid": "e9ad49c6-32c9-442c-b463-5510f8e9fbc0"
        }
    ],
    "routes": [
        {
            "@type": "WorkflowRoute",
            "name": "Set policies -> Create Policy Records",
            "targetStep": "\/api\/3\/workflow_steps\/0d9cf7aa-8ca6-4960-aaac-88df8a637bfc",
            "sourceStep": "\/api\/3\/workflow_steps\/c1cfd931-ff32-40d2-809f-2363c21a07d0",
            "label": null,
            "isExecuted": false,
            "uuid": "89a2151a-9c48-4569-b93b-08ce0d3be121"
        },
        {
            "@type": "WorkflowRoute",
            "name": "Start -> Get Policies",
            "targetStep": "\/api\/3\/workflow_steps\/a64396e7-3ee8-4b60-9360-3cadf80420b1",
            "sourceStep": "\/api\/3\/workflow_steps\/e9ad49c6-32c9-442c-b463-5510f8e9fbc0",
            "label": null,
            "isExecuted": false,
            "uuid": "89da555e-7e45-4192-87d5-e44fd6a39536"
        },
        {
            "@type": "WorkflowRoute",
            "name": "Get Policies -> Set policies",
            "targetStep": "\/api\/3\/workflow_steps\/c1cfd931-ff32-40d2-809f-2363c21a07d0",
            "sourceStep": "\/api\/3\/workflow_steps\/a64396e7-3ee8-4b60-9360-3cadf80420b1",
            "label": null,
            "isExecuted": false,
            "uuid": "e45ace23-24ca-4fc0-8524-fac0d923d6ed"
        }
    ],
    "groups": [
        {
            "@type": "WorkflowGroup",
            "name": "Notes",
            "description": "This playbook Retrieves Fortigate Policies from the Core fortigate, and creates the policies as records in the Policy module.",
            "type": "note",
            "isCollapsed": false,
            "hideInLogs": true,
            "top": "40",
            "left": "640",
            "height": "136",
            "width": "379",
            "uuid": "3911bb07-c08e-4e36-8a29-fd94028281a3"
        }
    ],
    "priority": "\/api\/3\/picklists\/2b563c61-ae2c-41c0-a85a-c9709585e3f2",
    "uuid": "728a536c-1ce1-496b-aced-f59a0ebb4efb",
    "owners": [],
    "isPrivate": false,
    "deletedAt": null,
    "recordTags": [
        "dataingestion",
        "Manual Trigger"
    ],
    "schedules": [
        {
            "id": "gAAAAABj0_fUPWSkE_L-QpjDX7vcwlwFCoeXisVtVeFUvMRWKVnvqC_SWkp6-FqkIASMKtOadJ1kOAc-UlZmrJ7yQ1JxLTR0zA==",
            "crontab": {
                "id": 9,
                "minute": "*\/10",
                "hour": "*",
                "day_of_week": "*",
                "day_of_month": "*",
                "month_of_year": "*",
                "timezone": "UTC"
            },
            "interval": null,
            "name": "Import Fortigate Policies",
            "task": "workflow.tasks.periodic_task",
            "args": "[]",
            "kwargs": {
                "wf_iri": "\/api\/3\/workflows\/728a536c-1ce1-496b-aced-f59a0ebb4efb",
                "priority": {
                    "@id": "\/api\/3\/picklists\/2b563c61-ae2c-41c0-a85a-c9709585e3f2",
                    "@type": "Picklist",
                    "itemValue": "Medium",
                    "orderIndex": 1,
                    "color": null,
                    "icon": null,
                    "listName": "\/api\/3\/picklist_names\/e104ef72-11b4-4d0c-be0e-e1cf3b87b5f2",
                    "uuid": "2b563c61-ae2c-41c0-a85a-c9709585e3f2",
                    "id": 111,
                    "importedBy": []
                },
                "exit_if_running": false,
                "createUser": "\/api\/3\/people\/3451141c-bac6-467c-8d72-85e0fab569ce",
                "name": "Import Fortigate Policies",
                "description": "Import Fortigate Policies",
                "auth": {
                    "auth_method": "CS HMAC"
                },
                "referenceid": null,
                "schedule_entry_name": "Import Fortigate Policies",
                "schedule_id": "638853d5-b5da-405b-9613-839d03a69dea",
                "expired": false
            },
            "queue": null,
            "exchange": null,
            "routing_key": null,
            "headers": "{}",
            "priority": 3,
            "expires": null,
            "expire_seconds": null,
            "one_off": false,
            "start_time": null,
            "enabled": false,
            "last_run_at": null,
            "total_run_count": 268,
            "date_changed": "2023-01-24T21:33:50.520389Z",
            "description": "Import Fortigate Policies",
            "solar": null,
            "clocked": null
        }
    ]
}