{
    "@type": "Workflow",
    "triggerLimit": null,
    "name": "Activate and Reset Password All Inactive Users",
    "aliasName": null,
    "tag": null,
    "description": null,
    "isActive": false,
    "debug": true,
    "singleRecordExecution": false,
    "remoteExecutableFlag": false,
    "parameters": [],
    "synchronous": false,
    "collection": "\/api\/3\/workflow_collections\/9669c30c-5adb-4d50-88a3-c9d8a90a8bdc",
    "versions": [],
    "triggerStep": "\/api\/3\/workflow_steps\/999efa0f-7f00-4196-bad8-efc414c1ffd8",
    "steps": [
        {
            "@type": "WorkflowStep",
            "name": "NOOP",
            "description": null,
            "arguments": [],
            "status": null,
            "top": "180",
            "left": "1080",
            "stepType": "\/api\/3\/workflow_step_types\/04d0cf46-b6a8-42c4-8683-60a7eaa69e8f",
            "group": null,
            "uuid": "0deecb41-f9fe-4cc1-b348-539a04f308d9"
        },
        {
            "@type": "WorkflowStep",
            "name": "Test User Count",
            "description": null,
            "arguments": {
                "conditions": [
                    {
                        "option": "Users",
                        "step_iri": "\/api\/3\/workflow_steps\/da387960-3fa7-4b7f-93de-8936e1fcb038",
                        "condition": "{{ vars.users|length >= 1 }}",
                        "step_name": "Confirm Activation"
                    },
                    {
                        "option": "No Users",
                        "default": true,
                        "step_iri": "\/api\/3\/workflow_steps\/0deecb41-f9fe-4cc1-b348-539a04f308d9",
                        "step_name": "NOOP"
                    }
                ]
            },
            "status": null,
            "top": "180",
            "left": "380",
            "stepType": "\/api\/3\/workflow_step_types\/12254cf5-5db7-4b1a-8cb1-3af081924b28",
            "group": null,
            "uuid": "211754e1-7a24-4f24-8ed8-15a22d800991"
        },
        {
            "@type": "WorkflowStep",
            "name": "Reset Password Users",
            "description": null,
            "arguments": {
                "params": {
                    "iri": "\/api\/3\/resetpassword",
                    "body": "{\n  \"uuid\":\"{{vars.item.uuid}}\",\n  \"loginId\":\n    \"{{vars.item.firstname|lower}}{{vars.item.lastname|lower}}\",\n\"currentUUID\":\"{{vars.item.uuid}}\",\n  \"password\":\"$3curityFabric\",\n  \"sendEmail\":true\n}",
                    "method": "POST"
                },
                "version": "3.2.1",
                "for_each": {
                    "item": "{{vars.users}}",
                    "parallel": false,
                    "condition": ""
                },
                "connector": "cyops_utilities",
                "operation": "make_cyops_request",
                "operationTitle": "FSR: Make FortiSOAR API Call",
                "step_variables": []
            },
            "status": null,
            "top": "480",
            "left": "1080",
            "stepType": "\/api\/3\/workflow_step_types\/0109f35d-090b-4a2b-bd8a-94cbc3508562",
            "group": null,
            "uuid": "2ea5709c-7f43-4330-b8da-9cb0cfcd0a68"
        },
        {
            "@type": "WorkflowStep",
            "name": "Activate User via auth_users",
            "description": null,
            "arguments": {
                "params": {
                    "iri": "\/api\/auth\/users",
                    "body": "{\n    \"update\": {\n        \"uuid\": \"{{vars.item.userId}}\",\n        \"status\": 1,\n        \"nfa\": [{\n                \"service\": 1,\n                \"method\": \"none\",\n                \"phone\": null\n            }\n        ],\n        \"user_type\": 2,\n        \"access_type\": \"Concurrent\"\n    }\n}",
                    "method": "PUT"
                },
                "version": "3.2.1",
                "for_each": {
                    "item": "{{vars.users}}",
                    "parallel": false,
                    "condition": ""
                },
                "connector": "cyops_utilities",
                "operation": "make_cyops_request",
                "operationTitle": "FSR: Make FortiSOAR API Call",
                "step_variables": []
            },
            "status": null,
            "top": "380",
            "left": "720",
            "stepType": "\/api\/3\/workflow_step_types\/0109f35d-090b-4a2b-bd8a-94cbc3508562",
            "group": null,
            "uuid": "3bc72ceb-46f4-41ad-a9bf-5ab2405753bf"
        },
        {
            "@type": "WorkflowStep",
            "name": "Update users to Active",
            "description": null,
            "arguments": {
                "params": {
                    "iri": "\/api\/3\/people\/{{vars.item.uuid}}",
                    "body": "{\"csActive\":true,\"accessType\":\"Concurrent\",\"activeStatus\":1}",
                    "method": "PUT"
                },
                "version": "3.2.1",
                "for_each": {
                    "item": "{{vars.users}}",
                    "parallel": false,
                    "condition": ""
                },
                "connector": "cyops_utilities",
                "operation": "make_cyops_request",
                "operationTitle": "FSR: Make FortiSOAR API Call",
                "step_variables": []
            },
            "status": null,
            "top": "480",
            "left": "720",
            "stepType": "\/api\/3\/workflow_step_types\/0109f35d-090b-4a2b-bd8a-94cbc3508562",
            "group": null,
            "uuid": "74555289-396d-4085-a90a-c6181c1d0013"
        },
        {
            "@type": "WorkflowStep",
            "name": "Start",
            "description": null,
            "arguments": {
                "route": "afb1e1cb-e4d8-4361-8504-6d88215057f8",
                "title": "Activate Users",
                "resources": [
                    "scenario"
                ],
                "inputVariables": [],
                "step_variables": {
                    "input": {
                        "params": [],
                        "records": "{{vars.input.records}}"
                    }
                },
                "executeButtonText": "Execute",
                "noRecordExecution": true,
                "singleRecordExecution": false
            },
            "status": null,
            "top": "40",
            "left": "40",
            "stepType": "\/api\/3\/workflow_step_types\/f414d039-bb0d-4e59-9c39-a8f1e880b18a",
            "group": null,
            "uuid": "999efa0f-7f00-4196-bad8-efc414c1ffd8"
        },
        {
            "@type": "WorkflowStep",
            "name": "Get all Users",
            "description": null,
            "arguments": {
                "params": {
                    "iri": "\/api\/3\/people?csActive$eq=false",
                    "body": "",
                    "method": "GET"
                },
                "version": "3.2.1",
                "connector": "cyops_utilities",
                "operation": "make_cyops_request",
                "operationTitle": "FSR: Make FortiSOAR API Call",
                "step_variables": {
                    "users": "{{vars.result.data['hydra:member']}}"
                }
            },
            "status": null,
            "top": "180",
            "left": "40",
            "stepType": "\/api\/3\/workflow_step_types\/0109f35d-090b-4a2b-bd8a-94cbc3508562",
            "group": null,
            "uuid": "d772b9b4-debd-4233-a819-27138a84f765"
        },
        {
            "@type": "WorkflowStep",
            "name": "Confirm Activation",
            "description": null,
            "arguments": {
                "type": "DecisionBased",
                "input": {
                    "schema": {
                        "title": "Are you sure you want to activate {{vars.users|length}} users?",
                        "description": "You will activate the following currently inactive users:\n{%- for u in vars.users %} \n{{u.firstname|title}} {{u.lastname|title}} -  {{u.email}} {% endfor %}",
                        "inputVariables": []
                    }
                },
                "record": "",
                "resources": "scenario",
                "owner_detail": {
                    "isAssigned": false
                },
                "isRecordLinked": false,
                "step_variables": [],
                "response_mapping": {
                    "options": [
                        {
                            "option": "Yes",
                            "primary": true,
                            "step_iri": "\/api\/3\/workflow_steps\/3bc72ceb-46f4-41ad-a9bf-5ab2405753bf"
                        },
                        {
                            "option": "No",
                            "step_iri": "\/api\/3\/workflow_steps\/0deecb41-f9fe-4cc1-b348-539a04f308d9"
                        }
                    ],
                    "duplicateOption": false
                },
                "email_notification": {
                    "enabled": false,
                    "smtpParameters": []
                }
            },
            "status": null,
            "top": "260",
            "left": "720",
            "stepType": "\/api\/3\/workflow_step_types\/fc04082a-d7dc-4299-96fb-6837b1baa0fe",
            "group": null,
            "uuid": "da387960-3fa7-4b7f-93de-8936e1fcb038"
        }
    ],
    "routes": [
        {
            "@type": "WorkflowRoute",
            "name": "Confirm Activation -> Copy of Activate User via auth_users",
            "targetStep": "\/api\/3\/workflow_steps\/3bc72ceb-46f4-41ad-a9bf-5ab2405753bf",
            "sourceStep": "\/api\/3\/workflow_steps\/da387960-3fa7-4b7f-93de-8936e1fcb038",
            "label": "Yes",
            "isExecuted": false,
            "uuid": "0445214a-404e-4b32-a23c-a749c894db1f"
        },
        {
            "@type": "WorkflowRoute",
            "name": "Test User Count -> NOOP",
            "targetStep": "\/api\/3\/workflow_steps\/0deecb41-f9fe-4cc1-b348-539a04f308d9",
            "sourceStep": "\/api\/3\/workflow_steps\/211754e1-7a24-4f24-8ed8-15a22d800991",
            "label": "No Users",
            "isExecuted": false,
            "uuid": "42bb2332-6a29-41c5-8e88-a3901ad2e958"
        },
        {
            "@type": "WorkflowRoute",
            "name": "Copy of Activate User via auth_users -> Update users to Active",
            "targetStep": "\/api\/3\/workflow_steps\/74555289-396d-4085-a90a-c6181c1d0013",
            "sourceStep": "\/api\/3\/workflow_steps\/3bc72ceb-46f4-41ad-a9bf-5ab2405753bf",
            "label": null,
            "isExecuted": false,
            "uuid": "52a27c5d-c5ff-4f21-9aab-dc918ca4c0f6"
        },
        {
            "@type": "WorkflowRoute",
            "name": "Start -> Get all Users",
            "targetStep": "\/api\/3\/workflow_steps\/d772b9b4-debd-4233-a819-27138a84f765",
            "sourceStep": "\/api\/3\/workflow_steps\/999efa0f-7f00-4196-bad8-efc414c1ffd8",
            "label": null,
            "isExecuted": false,
            "uuid": "636bb974-68ad-4171-b254-b13c794ddcf0"
        },
        {
            "@type": "WorkflowRoute",
            "name": "Confirm Activation -> NOOP",
            "targetStep": "\/api\/3\/workflow_steps\/0deecb41-f9fe-4cc1-b348-539a04f308d9",
            "sourceStep": "\/api\/3\/workflow_steps\/da387960-3fa7-4b7f-93de-8936e1fcb038",
            "label": "No",
            "isExecuted": false,
            "uuid": "a6bd4edd-2fbe-4cfd-ab25-82f6e82e9d7f"
        },
        {
            "@type": "WorkflowRoute",
            "name": "Get all Users -> Test User Count",
            "targetStep": "\/api\/3\/workflow_steps\/211754e1-7a24-4f24-8ed8-15a22d800991",
            "sourceStep": "\/api\/3\/workflow_steps\/d772b9b4-debd-4233-a819-27138a84f765",
            "label": null,
            "isExecuted": false,
            "uuid": "d9d91d64-86dd-42d8-9fed-eb73fbf0dcd5"
        },
        {
            "@type": "WorkflowRoute",
            "name": "Update users to Active -> Reset Password Users",
            "targetStep": "\/api\/3\/workflow_steps\/2ea5709c-7f43-4330-b8da-9cb0cfcd0a68",
            "sourceStep": "\/api\/3\/workflow_steps\/74555289-396d-4085-a90a-c6181c1d0013",
            "label": null,
            "isExecuted": false,
            "uuid": "e1b11796-cd3e-4f06-82f8-f4d12af1b442"
        },
        {
            "@type": "WorkflowRoute",
            "name": "Test User Count -> Confirm Activation",
            "targetStep": "\/api\/3\/workflow_steps\/da387960-3fa7-4b7f-93de-8936e1fcb038",
            "sourceStep": "\/api\/3\/workflow_steps\/211754e1-7a24-4f24-8ed8-15a22d800991",
            "label": "Users",
            "isExecuted": false,
            "uuid": "f1e1f65e-de51-4364-9c30-da7441f5a6b1"
        }
    ],
    "groups": [],
    "priority": "\/api\/3\/picklists\/2b563c61-ae2c-41c0-a85a-c9709585e3f2",
    "uuid": "22e40c2f-9242-4b12-8cf7-c8bba85c03fd",
    "owners": [],
    "isPrivate": false,
    "deletedAt": null,
    "recordTags": []
}