{
    "@type": "Workflow",
    "triggerLimit": null,
    "name": "Purge-Record-Button",
    "aliasName": null,
    "tag": null,
    "description": "Delete All Records inside a collection",
    "isActive": true,
    "debug": false,
    "singleRecordExecution": false,
    "remoteExecutableFlag": false,
    "parameters": [
        "record_type_param"
    ],
    "synchronous": false,
    "collection": "\/api\/3\/workflow_collections\/9669c30c-5adb-4d50-88a3-c9d8a90a8bdc",
    "versions": [],
    "triggerStep": "\/api\/3\/workflow_steps\/53b57583-9cae-4059-93dc-def0c5d7d94b",
    "steps": [
        {
            "@type": "WorkflowStep",
            "name": "Start",
            "description": null,
            "arguments": {
                "route": "90775273-da21-44d5-94aa-f88c04166f5b",
                "title": "Purge Records by Type",
                "resources": [
                    "scenario"
                ],
                "inputVariables": [
                    {
                        "name": "recordType",
                        "type": "picklists",
                        "label": "Record Type",
                        "title": "Picklist",
                        "usable": true,
                        "tooltip": "",
                        "dataType": "picklist",
                        "formType": "picklist",
                        "required": true,
                        "_expanded": true,
                        "mmdUpdate": true,
                        "collection": false,
                        "dataSource": {
                            "model": "picklists",
                            "query": {
                                "sort": [
                                    {
                                        "field": "orderIndex",
                                        "direction": "ASC"
                                    }
                                ],
                                "logic": "AND",
                                "filters": [
                                    {
                                        "field": "listName__name",
                                        "value": "RecordType",
                                        "operator": "eq"
                                    }
                                ]
                            },
                            "displayConditions": {
                                "03bb6c3c-e5ff-451d-923d-d41e2fcd5f52": {
                                    "conditions": null,
                                    "visibility": "visible"
                                },
                                "05d001e8-5604-4d51-af63-016ce09e6036": {
                                    "conditions": null,
                                    "visibility": "visible"
                                },
                                "2b81469b-c07a-4564-a801-460b5ed776c8": {
                                    "conditions": null,
                                    "visibility": "visible"
                                },
                                "338e8b03-3ce9-426e-89b1-1dc044128c8d": {
                                    "conditions": null,
                                    "visibility": "visible"
                                },
                                "379c5327-a36f-499c-89bf-e0dd1fb0a309": {
                                    "conditions": null,
                                    "visibility": "visible"
                                },
                                "548e6d3b-a3ad-4e84-aa93-df77ff54532f": {
                                    "conditions": null,
                                    "visibility": "visible"
                                },
                                "61cd19e4-18d4-4acd-af2a-24fd3c00898b": {
                                    "conditions": null,
                                    "visibility": "visible"
                                },
                                "8a0eb5c6-68fb-41b1-81c3-51e9faf62df6": {
                                    "conditions": null,
                                    "visibility": "visible"
                                },
                                "d9503688-f52b-466e-8e74-16e67e1dd2b6": {
                                    "conditions": null,
                                    "visibility": "visible"
                                },
                                "e9b873c2-4ec7-4666-98a3-f8f0ecab6e06": {
                                    "conditions": null,
                                    "visibility": "visible"
                                }
                            }
                        },
                        "searchable": false,
                        "templateUrl": "app\/components\/form\/fields\/typeahead.html",
                        "defaultValue": null,
                        "_previousName": "",
                        "displayTemplate": "%7B%7B%20itemValue%20%7D%7D",
                        "lengthConstraint": false,
                        "allowedEncryption": false,
                        "allowedGridColumn": true,
                        "useRecordFieldDefault": false
                    }
                ],
                "step_variables": {
                    "input": {
                        "params": {
                            "recordType": "{{vars.request.data[\"recordType\"]}}",
                            "record_type_param": "{{ vars.record_type_param }}"
                        },
                        "records": "{{vars.input.records}}"
                    },
                    "record_type": "{{vars.input.params.recordType.itemValue|trim}}"
                },
                "_promptexpanded": true,
                "executeButtonText": "Purge Records",
                "noRecordExecution": true,
                "singleRecordExecution": false
            },
            "status": null,
            "top": "180",
            "left": "80",
            "stepType": "\/api\/3\/workflow_step_types\/f414d039-bb0d-4e59-9c39-a8f1e880b18a",
            "group": null,
            "uuid": "53b57583-9cae-4059-93dc-def0c5d7d94b"
        },
        {
            "@type": "WorkflowStep",
            "name": "PurgeRecord",
            "description": null,
            "arguments": {
                "arguments": {
                    "record_type": "{{vars.input.params.recordType.itemValue}}"
                },
                "apply_async": false,
                "step_variables": [],
                "pass_input_record": true,
                "workflowReference": "\/api\/3\/workflows\/422e5e25-cc6c-469f-bece-5ca5a6f27b69"
            },
            "status": null,
            "top": "60",
            "left": "40",
            "stepType": "\/api\/3\/workflow_step_types\/74932bdc-b8b6-4d24-88c4-1a4dfbc524f3",
            "group": "\/api\/3\/workflow_groups\/4a3a8114-41bd-431a-84cb-f4accad17a53",
            "uuid": "59ae06f1-f7ce-4fd1-8d99-daa7a8ac1622"
        }
    ],
    "routes": [
        {
            "@type": "WorkflowRoute",
            "name": "Start -> PurgeRecord",
            "targetStep": "\/api\/3\/workflow_steps\/59ae06f1-f7ce-4fd1-8d99-daa7a8ac1622",
            "sourceStep": "\/api\/3\/workflow_steps\/53b57583-9cae-4059-93dc-def0c5d7d94b",
            "label": null,
            "isExecuted": false,
            "uuid": "8e5d5aaf-2474-4168-8195-8207fd85ee90"
        }
    ],
    "groups": [
        {
            "@type": "WorkflowGroup",
            "name": "block1",
            "description": "",
            "type": "block",
            "isCollapsed": false,
            "hideInLogs": false,
            "top": "180",
            "left": "820",
            "height": "338",
            "width": "473",
            "uuid": "4a3a8114-41bd-431a-84cb-f4accad17a53"
        }
    ],
    "priority": "\/api\/3\/picklists\/2b563c61-ae2c-41c0-a85a-c9709585e3f2",
    "uuid": "5656b020-cc7b-4ea2-819a-eba38658e342",
    "owners": [],
    "isPrivate": false,
    "deletedAt": null,
    "recordTags": []
}