{
    "@type": "Workflow",
    "triggerLimit": null,
    "name": "Purge-Records",
    "aliasName": null,
    "tag": null,
    "description": "Delete All Records inside a collection",
    "isActive": true,
    "debug": false,
    "singleRecordExecution": false,
    "remoteExecutableFlag": false,
    "parameters": [
        "record_type"
    ],
    "synchronous": false,
    "collection": "\/api\/3\/workflow_collections\/9669c30c-5adb-4d50-88a3-c9d8a90a8bdc",
    "versions": [],
    "triggerStep": "\/api\/3\/workflow_steps\/5992ad6a-ecf1-40a1-8557-110936e4abb3",
    "steps": [
        {
            "@type": "WorkflowStep",
            "name": "Find_Incidents",
            "description": null,
            "arguments": {
                "query": {
                    "sort": [],
                    "limit": 30,
                    "logic": "AND",
                    "filters": []
                },
                "module": "incidents?$limit=1000",
                "step_variables": {
                    "find_results": "{{vars.result}}"
                }
            },
            "status": null,
            "top": "424",
            "left": "271",
            "stepType": "\/api\/3\/workflow_step_types\/b593663d-7d13-40ce-a3a3-96dece928770",
            "group": "\/api\/3\/workflow_groups\/c84e0614-da1f-4b1a-ba15-1db35d1f2107",
            "uuid": "24172b61-afcc-4e7d-b6c4-950705b69478"
        },
        {
            "@type": "WorkflowStep",
            "name": "Get_Record_IDs",
            "description": null,
            "arguments": {
                "myfound_uris": "{{vars.find_results \n|json_query('[][\"@id\"][]')}}",
                "myfound_uris_old": "{{vars.steps.Find_Alerts \n|json_query('[][\"@id\"][]')}}",
                "myfound_uris_test": "{{vars.result \n|json_query('[].\"@id\"') }}"
            },
            "status": null,
            "top": "120",
            "left": "2240",
            "stepType": "\/api\/3\/workflow_step_types\/04d0cf46-b6a8-42c4-8683-60a7eaa69e8f",
            "group": null,
            "uuid": "26b14b0e-ce9b-410b-adfa-b552da146334"
        },
        {
            "@type": "WorkflowStep",
            "name": "Confirm Purge",
            "description": "Confirm the user wants to purge Records",
            "arguments": {
                "type": "DecisionBased",
                "input": {
                    "schema": {
                        "title": "Are you sure you want to Purge {{vars.record_type}} Records?",
                        "description": "You will be deleting {{vars.myfound_uris|length}} records. \nClick Yes if you are sure you want to do this. ",
                        "inputVariables": []
                    }
                },
                "record": "",
                "resources": "scenario",
                "owner_detail": {
                    "isAssigned": false
                },
                "isRecordLinked": false,
                "step_variables": [],
                "response_mapping": {
                    "options": [
                        {
                            "option": "NO",
                            "primary": true,
                            "step_iri": "\/api\/3\/workflow_steps\/95307a2c-f508-4763-ab44-b21aa8a508ad"
                        },
                        {
                            "option": "YES",
                            "step_iri": "\/api\/3\/workflow_steps\/3f04c7fd-0481-40c5-a1e0-3d68cb7e14cb"
                        }
                    ],
                    "duplicateOption": false
                },
                "email_notification": {
                    "enabled": false,
                    "smtpParameters": []
                }
            },
            "status": null,
            "top": "820",
            "left": "2100",
            "stepType": "\/api\/3\/workflow_step_types\/fc04082a-d7dc-4299-96fb-6837b1baa0fe",
            "group": null,
            "uuid": "34d9f609-56da-4c2d-9cc7-bd8a7dc24598"
        },
        {
            "@type": "WorkflowStep",
            "name": "Find_Indicators",
            "description": null,
            "arguments": {
                "query": {
                    "sort": [],
                    "limit": 30,
                    "logic": "AND",
                    "filters": []
                },
                "module": "indicators?$limit=1000",
                "step_variables": {
                    "find_results": "{{vars.result}}"
                }
            },
            "status": null,
            "top": "244",
            "left": "171",
            "stepType": "\/api\/3\/workflow_step_types\/b593663d-7d13-40ce-a3a3-96dece928770",
            "group": "\/api\/3\/workflow_groups\/c84e0614-da1f-4b1a-ba15-1db35d1f2107",
            "uuid": "399d152b-c0df-4b66-b411-6ab72949df44"
        },
        {
            "@type": "WorkflowStep",
            "name": "Delete_Record",
            "description": null,
            "arguments": {
                "params": {
                    "iri": "{{vars.item}}",
                    "body": "",
                    "method": "DELETE"
                },
                "version": "3.2.1",
                "for_each": {
                    "item": "{{vars.myfound_uris}}",
                    "parallel": false,
                    "condition": ""
                },
                "connector": "cyops_utilities",
                "operation": "make_cyops_request",
                "operationTitle": "FSR: Make FortiSOAR API Call",
                "step_variables": []
            },
            "status": null,
            "top": "1000",
            "left": "2260",
            "stepType": "\/api\/3\/workflow_step_types\/0109f35d-090b-4a2b-bd8a-94cbc3508562",
            "group": null,
            "uuid": "3f04c7fd-0481-40c5-a1e0-3d68cb7e14cb"
        },
        {
            "@type": "WorkflowStep",
            "name": "Check Records",
            "description": "If we have no records then we are done.",
            "arguments": {
                "conditions": [
                    {
                        "option": "Records Exist",
                        "step_iri": "\/api\/3\/workflow_steps\/34d9f609-56da-4c2d-9cc7-bd8a7dc24598",
                        "condition": "{{ vars.myfound_uris|length >= 1 }}",
                        "step_name": "Confirm Purge"
                    },
                    {
                        "option": "No Records",
                        "default": true,
                        "step_iri": "\/api\/3\/workflow_steps\/95307a2c-f508-4763-ab44-b21aa8a508ad",
                        "step_name": "NOOP"
                    }
                ]
            },
            "status": null,
            "top": "520",
            "left": "1800",
            "stepType": "\/api\/3\/workflow_step_types\/12254cf5-5db7-4b1a-8cb1-3af081924b28",
            "group": null,
            "uuid": "3f1c30ec-5c3a-4eab-8024-8967eb6650ba"
        },
        {
            "@type": "WorkflowStep",
            "name": "Choose Record Type",
            "description": null,
            "arguments": {
                "conditions": [
                    {
                        "option": "Alerts",
                        "step_iri": "\/api\/3\/workflow_steps\/a882a6f7-aef6-4f6b-9e0d-a433a3dd4e89",
                        "condition": "{{ vars.record_type == \"Alerts\" }}",
                        "step_name": "Find_Alerts"
                    },
                    {
                        "option": "Hunts",
                        "step_iri": "\/api\/3\/workflow_steps\/b1c1c363-9cc4-42a4-83ae-d7c50792b865",
                        "condition": "{{ vars.record_type == \"Hunts\" }}",
                        "step_name": "Find_Hunts"
                    },
                    {
                        "option": "Unknown Record",
                        "default": true,
                        "step_iri": "\/api\/3\/workflow_steps\/95307a2c-f508-4763-ab44-b21aa8a508ad",
                        "step_name": "NOOP"
                    },
                    {
                        "option": "Indicators",
                        "step_iri": "\/api\/3\/workflow_steps\/399d152b-c0df-4b66-b411-6ab72949df44",
                        "condition": "{{ vars.record_type == \"Indicators\" }}",
                        "step_name": "Find_Indicators"
                    },
                    {
                        "option": "Assets",
                        "step_iri": "\/api\/3\/workflow_steps\/ab30e444-548e-47f6-ab59-6a27eae468a4",
                        "condition": "{{ vars.record_type == \"Assets\" }}",
                        "step_name": "Find_Assets"
                    },
                    {
                        "option": "Incidents",
                        "step_iri": "\/api\/3\/workflow_steps\/24172b61-afcc-4e7d-b6c4-950705b69478",
                        "condition": "{{ vars.record_type == \"Incidents\" }}",
                        "step_name": "Find_Incidents"
                    }
                ]
            },
            "status": null,
            "top": "800",
            "left": "480",
            "stepType": "\/api\/3\/workflow_step_types\/12254cf5-5db7-4b1a-8cb1-3af081924b28",
            "group": null,
            "uuid": "40760280-06a7-4c66-b38d-d87ff51fe5e2"
        },
        {
            "@type": "WorkflowStep",
            "name": "Start",
            "description": null,
            "arguments": {
                "step_variables": {
                    "input": {
                        "params": []
                    }
                }
            },
            "status": null,
            "top": "220",
            "left": "120",
            "stepType": "\/api\/3\/workflow_step_types\/b348f017-9a94-471f-87f8-ce88b6a7ad62",
            "group": null,
            "uuid": "5992ad6a-ecf1-40a1-8557-110936e4abb3"
        },
        {
            "@type": "WorkflowStep",
            "name": "NOOP",
            "description": null,
            "arguments": {
                "NOOP": "true"
            },
            "status": null,
            "top": "940",
            "left": "1800",
            "stepType": "\/api\/3\/workflow_step_types\/04d0cf46-b6a8-42c4-8683-60a7eaa69e8f",
            "group": null,
            "uuid": "95307a2c-f508-4763-ab44-b21aa8a508ad"
        },
        {
            "@type": "WorkflowStep",
            "name": "Find_Alerts",
            "description": null,
            "arguments": {
                "query": {
                    "sort": [],
                    "limit": 30,
                    "logic": "AND",
                    "filters": []
                },
                "module": "alerts?$limit=1000",
                "step_variables": {
                    "find_results": "{{vars.result}}"
                }
            },
            "status": null,
            "top": "84",
            "left": "71",
            "stepType": "\/api\/3\/workflow_step_types\/b593663d-7d13-40ce-a3a3-96dece928770",
            "group": "\/api\/3\/workflow_groups\/c84e0614-da1f-4b1a-ba15-1db35d1f2107",
            "uuid": "a882a6f7-aef6-4f6b-9e0d-a433a3dd4e89"
        },
        {
            "@type": "WorkflowStep",
            "name": "Find_Assets",
            "description": null,
            "arguments": {
                "query": {
                    "sort": [],
                    "limit": 30,
                    "logic": "AND",
                    "filters": []
                },
                "module": "assets?$limit=1000",
                "step_variables": {
                    "find_results": "{{vars.result}}"
                }
            },
            "status": null,
            "top": "324",
            "left": "231",
            "stepType": "\/api\/3\/workflow_step_types\/b593663d-7d13-40ce-a3a3-96dece928770",
            "group": "\/api\/3\/workflow_groups\/c84e0614-da1f-4b1a-ba15-1db35d1f2107",
            "uuid": "ab30e444-548e-47f6-ab59-6a27eae468a4"
        },
        {
            "@type": "WorkflowStep",
            "name": "Find_Hunts",
            "description": null,
            "arguments": {
                "query": {
                    "sort": [],
                    "limit": 30,
                    "logic": "AND",
                    "filters": []
                },
                "module": "hunt?$limit=1000",
                "step_variables": {
                    "find_results": "{{vars.result}}"
                }
            },
            "status": null,
            "top": "164",
            "left": "131",
            "stepType": "\/api\/3\/workflow_step_types\/b593663d-7d13-40ce-a3a3-96dece928770",
            "group": "\/api\/3\/workflow_groups\/c84e0614-da1f-4b1a-ba15-1db35d1f2107",
            "uuid": "b1c1c363-9cc4-42a4-83ae-d7c50792b865"
        }
    ],
    "routes": [
        {
            "@type": "WorkflowRoute",
            "name": "Start -> Choose Record Type",
            "targetStep": "\/api\/3\/workflow_steps\/40760280-06a7-4c66-b38d-d87ff51fe5e2",
            "sourceStep": "\/api\/3\/workflow_steps\/5992ad6a-ecf1-40a1-8557-110936e4abb3",
            "label": null,
            "isExecuted": false,
            "uuid": "04f1e1e3-ff68-48ca-a2b6-473d17f7dd7b"
        },
        {
            "@type": "WorkflowRoute",
            "name": "Find_Alerts -> Get_IDS",
            "targetStep": "\/api\/3\/workflow_steps\/26b14b0e-ce9b-410b-adfa-b552da146334",
            "sourceStep": "\/api\/3\/workflow_steps\/a882a6f7-aef6-4f6b-9e0d-a433a3dd4e89",
            "label": null,
            "isExecuted": false,
            "uuid": "1bc8adae-094b-43d4-9f6b-fa8ab00ddc86"
        },
        {
            "@type": "WorkflowRoute",
            "name": "Find_Incidents -> Get_Record_IDs",
            "targetStep": "\/api\/3\/workflow_steps\/26b14b0e-ce9b-410b-adfa-b552da146334",
            "sourceStep": "\/api\/3\/workflow_steps\/24172b61-afcc-4e7d-b6c4-950705b69478",
            "label": null,
            "isExecuted": false,
            "uuid": "27b88706-4b16-4d1d-a2d6-824a0d42df51"
        },
        {
            "@type": "WorkflowRoute",
            "name": "Find_Hunts -> Get_Record_IDs",
            "targetStep": "\/api\/3\/workflow_steps\/26b14b0e-ce9b-410b-adfa-b552da146334",
            "sourceStep": "\/api\/3\/workflow_steps\/b1c1c363-9cc4-42a4-83ae-d7c50792b865",
            "label": null,
            "isExecuted": false,
            "uuid": "582ce75f-4997-4c7f-9ab7-dded2e94b785"
        },
        {
            "@type": "WorkflowRoute",
            "name": "Get_Record_IDs -> Check Record Count",
            "targetStep": "\/api\/3\/workflow_steps\/3f1c30ec-5c3a-4eab-8024-8967eb6650ba",
            "sourceStep": "\/api\/3\/workflow_steps\/26b14b0e-ce9b-410b-adfa-b552da146334",
            "label": null,
            "isExecuted": false,
            "uuid": "5aec3345-34ea-4fda-a948-52ca0af45915"
        },
        {
            "@type": "WorkflowRoute",
            "name": "Check Record Count -> NOOP",
            "targetStep": "\/api\/3\/workflow_steps\/95307a2c-f508-4763-ab44-b21aa8a508ad",
            "sourceStep": "\/api\/3\/workflow_steps\/3f1c30ec-5c3a-4eab-8024-8967eb6650ba",
            "label": "No Records",
            "isExecuted": false,
            "uuid": "5e7afaf0-0eaa-48e2-8b73-baf453cdc7bc"
        },
        {
            "@type": "WorkflowRoute",
            "name": "Check Record Count -> Confirm Purge",
            "targetStep": "\/api\/3\/workflow_steps\/34d9f609-56da-4c2d-9cc7-bd8a7dc24598",
            "sourceStep": "\/api\/3\/workflow_steps\/3f1c30ec-5c3a-4eab-8024-8967eb6650ba",
            "label": "Records Exist",
            "isExecuted": false,
            "uuid": "6b747b7e-a7d9-4611-81f6-ae6fcadd309b"
        },
        {
            "@type": "WorkflowRoute",
            "name": "Confirm Purge -> Delete_Record",
            "targetStep": "\/api\/3\/workflow_steps\/3f04c7fd-0481-40c5-a1e0-3d68cb7e14cb",
            "sourceStep": "\/api\/3\/workflow_steps\/34d9f609-56da-4c2d-9cc7-bd8a7dc24598",
            "label": "YES",
            "isExecuted": false,
            "uuid": "74fe167b-0588-4807-8991-dad93c2623c0"
        },
        {
            "@type": "WorkflowRoute",
            "name": "Choose Record Type -> NOOP",
            "targetStep": "\/api\/3\/workflow_steps\/95307a2c-f508-4763-ab44-b21aa8a508ad",
            "sourceStep": "\/api\/3\/workflow_steps\/40760280-06a7-4c66-b38d-d87ff51fe5e2",
            "label": "Unknown Record",
            "isExecuted": false,
            "uuid": "9483e93e-e28c-48d4-bcf9-fc54e0993670"
        },
        {
            "@type": "WorkflowRoute",
            "name": "Choose Record Type -> Find_Indicators",
            "targetStep": "\/api\/3\/workflow_steps\/399d152b-c0df-4b66-b411-6ab72949df44",
            "sourceStep": "\/api\/3\/workflow_steps\/40760280-06a7-4c66-b38d-d87ff51fe5e2",
            "label": "Indicators",
            "isExecuted": false,
            "uuid": "a4375ef6-b951-4e5b-aae3-9618806ed003"
        },
        {
            "@type": "WorkflowRoute",
            "name": "Choose Record Type -> Find_Hunts",
            "targetStep": "\/api\/3\/workflow_steps\/b1c1c363-9cc4-42a4-83ae-d7c50792b865",
            "sourceStep": "\/api\/3\/workflow_steps\/40760280-06a7-4c66-b38d-d87ff51fe5e2",
            "label": "Hunts",
            "isExecuted": false,
            "uuid": "a7a02fea-f5d4-4cd9-8a89-b0f655fb2385"
        },
        {
            "@type": "WorkflowRoute",
            "name": "Choose Record Type -> Find_Alerts",
            "targetStep": "\/api\/3\/workflow_steps\/a882a6f7-aef6-4f6b-9e0d-a433a3dd4e89",
            "sourceStep": "\/api\/3\/workflow_steps\/40760280-06a7-4c66-b38d-d87ff51fe5e2",
            "label": "Alerts",
            "isExecuted": false,
            "uuid": "a9527d45-cae3-4d9e-9a90-1bf6410c2148"
        },
        {
            "@type": "WorkflowRoute",
            "name": "Confirm Purge -> NOOP",
            "targetStep": "\/api\/3\/workflow_steps\/95307a2c-f508-4763-ab44-b21aa8a508ad",
            "sourceStep": "\/api\/3\/workflow_steps\/34d9f609-56da-4c2d-9cc7-bd8a7dc24598",
            "label": "NO",
            "isExecuted": false,
            "uuid": "cab89f7c-6849-4608-b023-adecbc0082ba"
        },
        {
            "@type": "WorkflowRoute",
            "name": "Choose Record Type -> Find_Incidents",
            "targetStep": "\/api\/3\/workflow_steps\/24172b61-afcc-4e7d-b6c4-950705b69478",
            "sourceStep": "\/api\/3\/workflow_steps\/40760280-06a7-4c66-b38d-d87ff51fe5e2",
            "label": "Incidents",
            "isExecuted": false,
            "uuid": "cc74ddb3-484c-45fc-892e-c42bd369a23e"
        },
        {
            "@type": "WorkflowRoute",
            "name": "Find_Assets -> Get_Record_IDs",
            "targetStep": "\/api\/3\/workflow_steps\/26b14b0e-ce9b-410b-adfa-b552da146334",
            "sourceStep": "\/api\/3\/workflow_steps\/ab30e444-548e-47f6-ab59-6a27eae468a4",
            "label": null,
            "isExecuted": false,
            "uuid": "d8a16aae-78a2-4fb6-8c11-bcbec74ce76b"
        },
        {
            "@type": "WorkflowRoute",
            "name": "Choose Record Type -> Find_Assets",
            "targetStep": "\/api\/3\/workflow_steps\/ab30e444-548e-47f6-ab59-6a27eae468a4",
            "sourceStep": "\/api\/3\/workflow_steps\/40760280-06a7-4c66-b38d-d87ff51fe5e2",
            "label": "Assets",
            "isExecuted": false,
            "uuid": "dd98f43a-5315-4ad3-9e57-cb6623a50d24"
        },
        {
            "@type": "WorkflowRoute",
            "name": "Find_Indicators -> Get_Record_IDs",
            "targetStep": "\/api\/3\/workflow_steps\/26b14b0e-ce9b-410b-adfa-b552da146334",
            "sourceStep": "\/api\/3\/workflow_steps\/399d152b-c0df-4b66-b411-6ab72949df44",
            "label": null,
            "isExecuted": false,
            "uuid": "e2b1d0ea-81c7-4b28-aaf3-fd17f8a8a043"
        }
    ],
    "groups": [
        {
            "@type": "WorkflowGroup",
            "name": "Choice Block",
            "description": "",
            "type": "block",
            "isCollapsed": false,
            "hideInLogs": false,
            "top": "20",
            "left": "940",
            "height": "596",
            "width": "626",
            "uuid": "c84e0614-da1f-4b1a-ba15-1db35d1f2107"
        }
    ],
    "priority": "\/api\/3\/picklists\/2b563c61-ae2c-41c0-a85a-c9709585e3f2",
    "uuid": "422e5e25-cc6c-469f-bece-5ca5a6f27b69",
    "owners": [],
    "isPrivate": false,
    "deletedAt": null,
    "recordTags": []
}