{
    "@type": "Workflow",
    "triggerLimit": null,
    "name": "Purge-All-Button-Parallel",
    "aliasName": null,
    "tag": null,
    "description": "Delete All Records inside a collection",
    "isActive": true,
    "debug": false,
    "singleRecordExecution": false,
    "remoteExecutableFlag": false,
    "parameters": [],
    "synchronous": false,
    "collection": "\/api\/3\/workflow_collections\/9669c30c-5adb-4d50-88a3-c9d8a90a8bdc",
    "versions": [],
    "triggerStep": "\/api\/3\/workflow_steps\/004ce997-9580-42ed-8bc0-175fd5e3f358",
    "steps": [
        {
            "@type": "WorkflowStep",
            "name": "Start",
            "description": null,
            "arguments": {
                "route": "01890187-72a4-4ae6-9aea-99918f0ee27e",
                "title": "Purge All Records",
                "resources": [
                    "scenario"
                ],
                "inputVariables": [],
                "step_variables": {
                    "input": {
                        "params": [],
                        "records": "{{vars.input.records}}"
                    },
                    "record_types": "{{ (\"\/api\/3\/picklist_names\/369c2e5f-f441-4545-8eaa-2efa3142e37e?$relationships=true\"|fromIRI).picklists|json_query('[].itemValue') }}"
                },
                "_promptexpanded": false,
                "executeButtonText": "Purge Records",
                "noRecordExecution": true,
                "singleRecordExecution": false
            },
            "status": null,
            "top": "180",
            "left": "100",
            "stepType": "\/api\/3\/workflow_step_types\/f414d039-bb0d-4e59-9c39-a8f1e880b18a",
            "group": null,
            "uuid": "004ce997-9580-42ed-8bc0-175fd5e3f358"
        },
        {
            "@type": "WorkflowStep",
            "name": "PurgeRecord",
            "description": null,
            "arguments": {
                "for_each": {
                    "item": "{{vars.record_types}}",
                    "__bulk": false,
                    "parallel": true,
                    "condition": ""
                },
                "arguments": {
                    "record_type": "{{vars.item}}"
                },
                "apply_async": false,
                "ignore_errors": false,
                "step_variables": [],
                "pass_input_record": true,
                "workflowReference": "\/api\/3\/workflows\/422e5e25-cc6c-469f-bece-5ca5a6f27b69"
            },
            "status": null,
            "top": "465",
            "left": "703",
            "stepType": "\/api\/3\/workflow_step_types\/74932bdc-b8b6-4d24-88c4-1a4dfbc524f3",
            "group": null,
            "uuid": "7a511f52-ab54-4e7a-afec-1f1f7cdc9e5b"
        }
    ],
    "routes": [
        {
            "@type": "WorkflowRoute",
            "name": "Start -> PurgeRecord",
            "targetStep": "\/api\/3\/workflow_steps\/7a511f52-ab54-4e7a-afec-1f1f7cdc9e5b",
            "sourceStep": "\/api\/3\/workflow_steps\/004ce997-9580-42ed-8bc0-175fd5e3f358",
            "label": null,
            "isExecuted": false,
            "uuid": "c4b700ef-8503-4f46-9ca2-7fe782eb0460"
        }
    ],
    "groups": [],
    "priority": "\/api\/3\/picklists\/2b563c61-ae2c-41c0-a85a-c9709585e3f2",
    "uuid": "ab3ec2ca-09f5-429f-a749-caa6119a9231",
    "owners": [],
    "isPrivate": false,
    "deletedAt": null,
    "recordTags": []
}