{
    "@context": "\/api\/3\/contexts\/Role",
    "@id": "\/api\/3\/roles\/21d7a7c6-9d68-438f-b732-e8950c5f745b",
    "@type": "Role",
    "description": "Essentially the root user, use carefully",
    "name": "Full App Permissions",
    "modulePermissions": {
        "40": {
            "@id": "\/api\/3\/module_permissions\/27a7d47c-393e-49c9-a06d-901db7b19c9f",
            "@type": "ModulePermission",
            "canCreate": true,
            "canExecute": true,
            "canRead": true,
            "canUpdate": true,
            "canDelete": true,
            "fieldPermissions": [],
            "module": "policies",
            "uuid": "27a7d47c-393e-49c9-a06d-901db7b19c9f"
        }
    },
    "uuid": "21d7a7c6-9d68-438f-b732-e8950c5f745b"
}