{
    "@context": "\/api\/3\/contexts\/Dashboard",
    "@type": "Dashboard",
    "uuid": "136826c1-e04f-4fb2-831c-9552757eeadb",
    "displayName": "System-Records",
    "type": "rows",
    "templateType": "dashboard",
    "roles": [
        "\/api\/3\/roles\/7b56d139-7ee6-455e-8658-35727e202b8a"
    ],
    "parentTemplateId": null,
    "config": {
        "rows": [
            {
                "columns": [
                    {
                        "widgets": [
                            {
                                "type": "sectionHeader",
                                "config": {
                                    "wid": "365d0a0c-2ae5-49cd-a67e-4ad29c509951",
                                    "query": {
                                        "filters": [],
                                        "sort": [],
                                        "limit": 10
                                    },
                                    "editorType": "html",
                                    "sectionText": "<h1>Alerts<\/h1>"
                                }
                            },
                            {
                                "type": "chart",
                                "config": {
                                    "wid": "a5cc7477-7a44-4329-9e9e-373185ebecdb",
                                    "widgetAlwaysDisplay": true,
                                    "query": {
                                        "sort": [
                                            {
                                                "field": "type.orderIndex",
                                                "direction": "ASC"
                                            }
                                        ],
                                        "limit": 2147483647,
                                        "logic": "AND",
                                        "filters": [],
                                        "aggregates": [
                                            {
                                                "operator": "countdistinct",
                                                "field": "*",
                                                "alias": "total"
                                            },
                                            {
                                                "operator": "groupby",
                                                "alias": "type",
                                                "field": "type.itemValue"
                                            },
                                            {
                                                "operator": "groupby",
                                                "alias": "color",
                                                "field": "type.color"
                                            },
                                            {
                                                "operator": "groupby",
                                                "alias": "orderIndex",
                                                "field": "type.orderIndex"
                                            }
                                        ]
                                    },
                                    "mapping": {
                                        "fieldName": "type"
                                    },
                                    "assignedToSetting": "onlyMe",
                                    "aggregate": true,
                                    "title": "Alerts",
                                    "resource": "alerts",
                                    "chart": "pie"
                                }
                            }
                        ],
                        "style": "col-lg-3"
                    },
                    {
                        "widgets": [
                            {
                                "type": "sectionHeader",
                                "config": {
                                    "wid": "a25a2a85-58f5-45ae-96a1-67a09477eec4",
                                    "query": {
                                        "filters": [],
                                        "sort": [],
                                        "limit": 10
                                    },
                                    "editorType": "html",
                                    "sectionText": "<h1>Indicators<\/h1>"
                                }
                            },
                            {
                                "type": "chart",
                                "config": {
                                    "wid": "b03b595e-e4e1-4f07-b4ed-08c321017f54",
                                    "widgetAlwaysDisplay": true,
                                    "query": {
                                        "sort": [
                                            {
                                                "field": "typeofindicator.orderIndex",
                                                "direction": "ASC"
                                            }
                                        ],
                                        "limit": 2147483647,
                                        "logic": "AND",
                                        "filters": [],
                                        "aggregates": [
                                            {
                                                "operator": "countdistinct",
                                                "field": "*",
                                                "alias": "total"
                                            },
                                            {
                                                "operator": "groupby",
                                                "alias": "typeofindicator",
                                                "field": "typeofindicator.itemValue"
                                            },
                                            {
                                                "operator": "groupby",
                                                "alias": "color",
                                                "field": "typeofindicator.color"
                                            },
                                            {
                                                "operator": "groupby",
                                                "alias": "orderIndex",
                                                "field": "typeofindicator.orderIndex"
                                            }
                                        ]
                                    },
                                    "mapping": {
                                        "fieldName": "typeofindicator"
                                    },
                                    "assignedToSetting": "onlyMe",
                                    "aggregate": true,
                                    "title": "Indicators",
                                    "resource": "indicators",
                                    "chart": "pie"
                                }
                            }
                        ],
                        "style": "col-lg-3"
                    },
                    {
                        "widgets": [
                            {
                                "type": "sectionHeader",
                                "config": {
                                    "wid": "734d436d-f822-4955-acc3-a88ed1e4f6b2",
                                    "query": {
                                        "filters": [],
                                        "sort": [],
                                        "limit": 10
                                    },
                                    "editorType": "html",
                                    "sectionText": "<h1>Incidents<\/h1>"
                                }
                            },
                            {
                                "type": "chart",
                                "config": {
                                    "wid": "aba1c83c-1b43-4c8f-80e8-3993b16c5344",
                                    "widgetAlwaysDisplay": true,
                                    "query": {
                                        "sort": [
                                            {
                                                "field": "category.orderIndex",
                                                "direction": "ASC"
                                            }
                                        ],
                                        "limit": 2147483647,
                                        "logic": "AND",
                                        "filters": [],
                                        "aggregates": [
                                            {
                                                "operator": "countdistinct",
                                                "field": "*",
                                                "alias": "total"
                                            },
                                            {
                                                "operator": "groupby",
                                                "alias": "category",
                                                "field": "category.itemValue"
                                            },
                                            {
                                                "operator": "groupby",
                                                "alias": "color",
                                                "field": "category.color"
                                            },
                                            {
                                                "operator": "groupby",
                                                "alias": "orderIndex",
                                                "field": "category.orderIndex"
                                            }
                                        ]
                                    },
                                    "mapping": {
                                        "fieldName": "category"
                                    },
                                    "assignedToSetting": "onlyMe",
                                    "aggregate": true,
                                    "title": "Incidents",
                                    "resource": "incidents",
                                    "chart": "pie"
                                }
                            }
                        ],
                        "style": "col-lg-3"
                    },
                    {
                        "widgets": [
                            {
                                "type": "sectionHeader",
                                "config": {
                                    "wid": "e7190919-ded1-492d-bc61-5eca044e60e5",
                                    "query": {
                                        "filters": [],
                                        "sort": [],
                                        "limit": 10
                                    },
                                    "editorType": "html",
                                    "sectionText": "<h1>Hunts<\/h1>"
                                }
                            },
                            {
                                "type": "chart",
                                "config": {
                                    "wid": "50b063cb-3c78-43b5-95bd-04f5a12ed910",
                                    "widgetAlwaysDisplay": true,
                                    "query": {
                                        "sort": [],
                                        "limit": 2147483647,
                                        "logic": "AND",
                                        "filters": [],
                                        "aggregates": [
                                            {
                                                "operator": "countdistinct",
                                                "field": "*",
                                                "alias": "total"
                                            },
                                            {
                                                "operator": "groupby",
                                                "alias": "name",
                                                "field": "name"
                                            }
                                        ]
                                    },
                                    "mapping": {
                                        "assignedToPerson": "category",
                                        "fieldName": "name",
                                        "dateFieldName": "createDate",
                                        "timeScope": "day",
                                        "dateFormat": "%b %e"
                                    },
                                    "assignedToSetting": "onlyMe",
                                    "aggregate": true,
                                    "title": "Incidents",
                                    "resource": "hunt",
                                    "chart": "pie",
                                    "barStyle": "vertical"
                                }
                            }
                        ],
                        "style": "col-lg-3"
                    }
                ],
                "wid": "b4923d06-ce0c-4fbe-af6f-612f4f652c36",
                "_collapsed": false,
                "collapsible": false,
                "collapsibleIndex": 0
            }
        ],
        "wid": "c93d0c5e-638b-4adf-96e4-8fca325bb48c",
        "metadata": {
            "customTemplateTitle": "Dashboard"
        }
    },
    "filterArray": [],
    "updateDate": null
}