{
    "@context": "\/api\/3\/contexts\/PicklistName",
    "@id": "\/api\/3\/picklist_names\/369c2e5f-f441-4545-8eaa-2efa3142e37e",
    "@type": "PicklistName",
    "name": "RecordType",
    "system": false,
    "picklists": [
        {
            "@id": "\/api\/3\/picklists\/548e6d3b-a3ad-4e84-aa93-df77ff54532f",
            "@type": "Picklist",
            "itemValue": "Alerts",
            "orderIndex": 0,
            "color": null,
            "icon": null,
            "listName": "\/api\/3\/picklist_names\/369c2e5f-f441-4545-8eaa-2efa3142e37e",
            "uuid": "548e6d3b-a3ad-4e84-aa93-df77ff54532f"
        },
        {
            "@id": "\/api\/3\/picklists\/d9503688-f52b-466e-8e74-16e67e1dd2b6",
            "@type": "Picklist",
            "itemValue": "Indicators",
            "orderIndex": 1,
            "color": null,
            "icon": null,
            "listName": "\/api\/3\/picklist_names\/369c2e5f-f441-4545-8eaa-2efa3142e37e",
            "uuid": "d9503688-f52b-466e-8e74-16e67e1dd2b6"
        },
        {
            "@id": "\/api\/3\/picklists\/8a0eb5c6-68fb-41b1-81c3-51e9faf62df6",
            "@type": "Picklist",
            "itemValue": "Incidents",
            "orderIndex": 2,
            "color": null,
            "icon": null,
            "listName": "\/api\/3\/picklist_names\/369c2e5f-f441-4545-8eaa-2efa3142e37e",
            "uuid": "8a0eb5c6-68fb-41b1-81c3-51e9faf62df6"
        },
        {
            "@id": "\/api\/3\/picklists\/61cd19e4-18d4-4acd-af2a-24fd3c00898b",
            "@type": "Picklist",
            "itemValue": "Assets",
            "orderIndex": 3,
            "color": null,
            "icon": null,
            "listName": "\/api\/3\/picklist_names\/369c2e5f-f441-4545-8eaa-2efa3142e37e",
            "uuid": "61cd19e4-18d4-4acd-af2a-24fd3c00898b"
        },
        {
            "@id": "\/api\/3\/picklists\/e9b873c2-4ec7-4666-98a3-f8f0ecab6e06",
            "@type": "Picklist",
            "itemValue": "Hunts",
            "orderIndex": 4,
            "color": null,
            "icon": null,
            "listName": "\/api\/3\/picklist_names\/369c2e5f-f441-4545-8eaa-2efa3142e37e",
            "uuid": "e9b873c2-4ec7-4666-98a3-f8f0ecab6e06"
        }
    ],
    "uuid": "369c2e5f-f441-4545-8eaa-2efa3142e37e"
}