{
    "@context": "\/api\/3\/contexts\/PicklistName",
    "@id": "\/api\/3\/picklist_names\/ff79ea4c-1401-47ca-8ca4-af89fb3c76fb",
    "@type": "PicklistName",
    "name": "Audit Status",
    "system": false,
    "picklists": [
        {
            "@id": "\/api\/3\/picklists\/f64c4652-7d1a-46b6-9415-5176da6867a1",
            "@type": "Picklist",
            "itemValue": "Pending",
            "orderIndex": 0,
            "color": null,
            "icon": null,
            "listName": "\/api\/3\/picklist_names\/ff79ea4c-1401-47ca-8ca4-af89fb3c76fb",
            "uuid": "f64c4652-7d1a-46b6-9415-5176da6867a1"
        },
        {
            "@id": "\/api\/3\/picklists\/05f8b475-f9d1-4297-9440-c32758f15daa",
            "@type": "Picklist",
            "itemValue": "Complete",
            "orderIndex": 1,
            "color": null,
            "icon": null,
            "listName": "\/api\/3\/picklist_names\/ff79ea4c-1401-47ca-8ca4-af89fb3c76fb",
            "uuid": "05f8b475-f9d1-4297-9440-c32758f15daa"
        }
    ],
    "uuid": "ff79ea4c-1401-47ca-8ca4-af89fb3c76fb"
}