[
    {
        "name": "fortigate-firewall_dev",
        "label": "Fortinet FortiGate Custom",
        "category": "Firewall and Network Protection",
        "description": "Fortinet FortiGate enterprise firewall provide high performance, consolidated advanced security and granular visibility for broad protection across the entire digital attack surface.",
        "publisher": null,
        "version": "5.2.0",
        "operation_roles": [],
        "configurations": [
            {
                "id": 13,
                "config_id": "d54e3e12-10c9-4afe-b4eb-b09631c4ed40",
                "status": 1,
                "name": "Firewall",
                "default": true,
                "config": {
                    "port": 443,
                    "vdom": "",
                    "address": "10.100.88.1",
                    "api_key": "P7rYpjGsPWWBveu5n6s72lCqXnJ1yXelJwbv\/A8FH91V6KOTqHKRgM25odyFIw==I3dmcn23@KlS2#!ck",
                    "verify_ssl": false,
                    "app_block_policy": "",
                    "url_block_policy": ""
                },
                "remote_status": [],
                "health_status": [],
                "connector": 48,
                "agent": "09d958b2af45ea4d15b83910e2e64359",
                "teams": []
            }
        ],
        "dataImports": [],
        "install_mode": "tgz",
        "installer_path": "fortigate-firewall_dev_5.2.0.tgz",
        "ingestionPlaybooks": {
            "collections": [],
            "exported_tags": [],
            "globalVariables": []
        }
    }
]