{
    "@context": "\/api\/3\/contexts\/Workflow",
    "@type": "Workflow",
    "triggerLimit": null,
    "name": "> bootstrap fortimanager",
    "aliasName": null,
    "tag": null,
    "description": "Perform a FortiDeploy style API change to the Central Management",
    "isActive": true,
    "debug": true,
    "singleRecordExecution": false,
    "remoteExecutableFlag": false,
    "parameters": [
        "fortigate",
        "fos_session",
        "fmg"
    ],
    "synchronous": false,
    "collection": "\/api\/3\/workflow_collections\/a13d3745-5bca-4241-a86d-a8ca1c97ad73",
    "versions": [],
    "triggerStep": "\/api\/3\/workflow_steps\/37e271d0-8281-434b-aa0d-6acd7a541245",
    "steps": [
        {
            "@type": "WorkflowStep",
            "name": "extract_fos_util_results",
            "description": null,
            "arguments": {
                "output": "{{vars.steps.set_fmg_http.data }}"
            },
            "status": null,
            "top": "160",
            "left": "380",
            "stepType": "\/api\/3\/workflow_step_types\/04d0cf46-b6a8-42c4-8683-60a7eaa69e8f",
            "group": null,
            "uuid": "41228c05-c45f-45cf-8dbf-c89cf252caa1"
        },
        {
            "@type": "WorkflowStep",
            "name": "set_fmg_util",
            "description": null,
            "arguments": {
                "params": {
                    "url": "https:\/\/{{vars.input.params.fortigate}}\/api\/v2\/monitor\/system\/fortimanager\/config",
                    "body": "{ \"fortimanager_ip\": \"{{vars.input.params['fmg']}}\" }",
                    "method": "POST",
                    "params": "",
                    "verify": false,
                    "headers": "{  \"Content-Type\": \"json\",  \"accept\": \"application\/json\",  \"Authorization\": \"Bearer {{vars.input.params['fos_session']}}\"}",
                    "password": "",
                    "username": "",
                    "auth_config": ""
                },
                "version": "3.2.2",
                "connector": "cyops_utilities",
                "operation": "api_call",
                "operationTitle": "Utils: Make REST API Call",
                "step_variables": []
            },
            "status": null,
            "top": "60",
            "left": "380",
            "stepType": "\/api\/3\/workflow_step_types\/0109f35d-090b-4a2b-bd8a-94cbc3508562",
            "group": null,
            "uuid": "ea037ece-1e58-428d-9ee1-52a6bc89fa66"
        },
        {
            "@type": "WorkflowStep",
            "name": "Start",
            "description": null,
            "arguments": {
                "step_variables": {
                    "input": {
                        "params": []
                    }
                }
            },
            "status": null,
            "top": "60",
            "left": "40",
            "stepType": "\/api\/3\/workflow_step_types\/b348f017-9a94-471f-87f8-ce88b6a7ad62",
            "group": null,
            "uuid": "37e271d0-8281-434b-aa0d-6acd7a541245"
        }
    ],
    "routes": [
        {
            "@type": "WorkflowRoute",
            "name": "set_fmg_util -> Copy of extract_fos_http_results",
            "targetStep": "\/api\/3\/workflow_steps\/41228c05-c45f-45cf-8dbf-c89cf252caa1",
            "sourceStep": "\/api\/3\/workflow_steps\/ea037ece-1e58-428d-9ee1-52a6bc89fa66",
            "label": null,
            "isExecuted": false,
            "group": null,
            "uuid": "aba2872e-7f14-4226-b91e-6c4b475b9ee6"
        },
        {
            "@type": "WorkflowRoute",
            "name": "Start -> set_fmg_util",
            "targetStep": "\/api\/3\/workflow_steps\/ea037ece-1e58-428d-9ee1-52a6bc89fa66",
            "sourceStep": "\/api\/3\/workflow_steps\/37e271d0-8281-434b-aa0d-6acd7a541245",
            "label": null,
            "isExecuted": false,
            "group": null,
            "uuid": "c6fdf36f-f561-4be3-b647-9bd937c2b9ef"
        }
    ],
    "groups": [],
    "priority": "\/api\/3\/picklists\/2b563c61-ae2c-41c0-a85a-c9709585e3f2",
    "uuid": "dd986dfa-78d3-4f03-b7ed-9d785e6f23a9",
    "owners": [],
    "isPrivate": false,
    "deletedAt": null,
    "recordTags": [
        "Subroutine",
        "fortigate",
        "fos_session",
        "http_util",
        "fmg"
    ]
}