{
    "@context": "\/api\/3\/contexts\/Workflow",
    "@type": "Workflow",
    "triggerLimit": null,
    "name": "> http connector config handler",
    "aliasName": null,
    "tag": null,
    "description": "Get or Create an HTTP Connector",
    "isActive": true,
    "debug": false,
    "singleRecordExecution": false,
    "remoteExecutableFlag": false,
    "parameters": [
        "http_host"
    ],
    "synchronous": false,
    "collection": "\/api\/3\/workflow_collections\/a13d3745-5bca-4241-a86d-a8ca1c97ad73",
    "versions": [],
    "triggerStep": "\/api\/3\/workflow_steps\/b575f7be-1bda-4521-b657-fa433ebdd710",
    "steps": [
        {
            "@type": "WorkflowStep",
            "name": "connector_config_idx",
            "description": null,
            "arguments": {
                "connector_config_idx": "{{ vars.test1_configs | json_query('[].[name,config_id,config.server_url]') }}"
            },
            "status": null,
            "top": "460",
            "left": "40",
            "stepType": "\/api\/3\/workflow_step_types\/04d0cf46-b6a8-42c4-8683-60a7eaa69e8f",
            "group": null,
            "uuid": "03b80ccc-b622-4bf8-b265-872c9349017e"
        },
        {
            "@type": "WorkflowStep",
            "name": "create_connector_config",
            "description": null,
            "arguments": {
                "params": {
                    "iri": "\/api\/integration\/configuration\/",
                    "body": "{\n\"connector\": \"{{vars.test1_connector_id}}\",\n\"name\": \"{{vars.input.params['http_host']}}\",\n\"default\": false,\n\"config\": {\n  \"port\":\"443\",\n  \"server_url\": \"https:\/\/{{vars.input.params['http_host']}}\",\n  \"verify_ssl\" : false\n  }\n}",
                    "method": "POST"
                },
                "version": "3.2.2",
                "connector": "cyops_utilities",
                "operation": "make_cyops_request",
                "operationTitle": "FSR: Make FortiSOAR API Call",
                "step_variables": []
            },
            "status": null,
            "top": "580",
            "left": "360",
            "stepType": "\/api\/3\/workflow_step_types\/0109f35d-090b-4a2b-bd8a-94cbc3508562",
            "group": null,
            "uuid": "b0202299-cd37-4f60-a385-59ee58f865a4"
        },
        {
            "@type": "WorkflowStep",
            "name": "extract_connector_configs",
            "description": null,
            "arguments": {
                "connector_configs": "{{vars.http_connector_data.data.configuration}}"
            },
            "status": null,
            "top": "340",
            "left": "360",
            "stepType": "\/api\/3\/workflow_step_types\/04d0cf46-b6a8-42c4-8683-60a7eaa69e8f",
            "group": null,
            "uuid": "254d9d6a-845b-4869-a95e-294d321154aa"
        },
        {
            "@type": "WorkflowStep",
            "name": "extract_connector_details",
            "description": null,
            "arguments": {
                "http_connector_data": "{{vars.steps.get_connector_details}}"
            },
            "status": null,
            "top": "140",
            "left": "360",
            "stepType": "\/api\/3\/workflow_step_types\/04d0cf46-b6a8-42c4-8683-60a7eaa69e8f",
            "group": null,
            "uuid": "0b92e308-386d-4bd9-902f-c8dfb29fbc23"
        },
        {
            "@type": "WorkflowStep",
            "name": "extract_connector_id",
            "description": null,
            "arguments": {
                "http_connector_connector_id": "{{vars.http_connector_data.data.id}}"
            },
            "status": null,
            "top": "240",
            "left": "360",
            "stepType": "\/api\/3\/workflow_step_types\/04d0cf46-b6a8-42c4-8683-60a7eaa69e8f",
            "group": null,
            "uuid": "5ced6dbd-bad1-4642-b8fa-3f5381e5ce2a"
        },
        {
            "@type": "WorkflowStep",
            "name": "extract_test1_config",
            "description": null,
            "arguments": {
                "test1_config_results": "{{vars.steps.create_connector_config}}"
            },
            "status": null,
            "top": "580",
            "left": "40",
            "stepType": "\/api\/3\/workflow_step_types\/04d0cf46-b6a8-42c4-8683-60a7eaa69e8f",
            "group": null,
            "uuid": "c0dcca73-d1fb-4888-bc59-d273f97a6d05"
        },
        {
            "@type": "WorkflowStep",
            "name": "find_host_config",
            "description": null,
            "arguments": {
                "found_connector_config": "{{ vars.connector_configs |\njson_query('[?config.server_url == `{}` ]'.format(\"https:\/\/\" + vars.input.params['http_host'])) }}"
            },
            "status": null,
            "top": "440",
            "left": "360",
            "stepType": "\/api\/3\/workflow_step_types\/04d0cf46-b6a8-42c4-8683-60a7eaa69e8f",
            "group": null,
            "uuid": "aad07cfc-a9e9-4792-9992-0b6ad8b3b789"
        },
        {
            "@type": "WorkflowStep",
            "name": "get_connector_details",
            "description": null,
            "arguments": {
                "params": {
                    "iri": "\/api\/integration\/connectors\/http\/1.0.0\/?format=json",
                    "body": "{}",
                    "method": "POST"
                },
                "version": "3.2.2",
                "connector": "cyops_utilities",
                "operation": "make_cyops_request",
                "operationTitle": "FSR: Make FortiSOAR API Call",
                "step_variables": []
            },
            "status": null,
            "top": "40",
            "left": "360",
            "stepType": "\/api\/3\/workflow_step_types\/0109f35d-090b-4a2b-bd8a-94cbc3508562",
            "group": null,
            "uuid": "3dd691c9-933b-436c-ab85-6dc227bc348b"
        },
        {
            "@type": "WorkflowStep",
            "name": "Start",
            "description": null,
            "arguments": {
                "step_variables": {
                    "input": {
                        "params": []
                    }
                }
            },
            "status": null,
            "top": "40",
            "left": "40",
            "stepType": "\/api\/3\/workflow_step_types\/b348f017-9a94-471f-87f8-ce88b6a7ad62",
            "group": null,
            "uuid": "b575f7be-1bda-4521-b657-fa433ebdd710"
        }
    ],
    "routes": [
        {
            "@type": "WorkflowRoute",
            "name": "extract_connector_configs -> find_host_config",
            "targetStep": "\/api\/3\/workflow_steps\/aad07cfc-a9e9-4792-9992-0b6ad8b3b789",
            "sourceStep": "\/api\/3\/workflow_steps\/254d9d6a-845b-4869-a95e-294d321154aa",
            "label": null,
            "isExecuted": false,
            "group": null,
            "uuid": "ce2100b7-201c-4882-be83-fde40a263778"
        },
        {
            "@type": "WorkflowRoute",
            "name": "extract_connector_details -> extract_connector_id",
            "targetStep": "\/api\/3\/workflow_steps\/5ced6dbd-bad1-4642-b8fa-3f5381e5ce2a",
            "sourceStep": "\/api\/3\/workflow_steps\/0b92e308-386d-4bd9-902f-c8dfb29fbc23",
            "label": null,
            "isExecuted": false,
            "group": null,
            "uuid": "608711f4-f224-446f-b16f-d7abbf3964c2"
        },
        {
            "@type": "WorkflowRoute",
            "name": "extract_connector_id -> extract_connector_configs",
            "targetStep": "\/api\/3\/workflow_steps\/254d9d6a-845b-4869-a95e-294d321154aa",
            "sourceStep": "\/api\/3\/workflow_steps\/5ced6dbd-bad1-4642-b8fa-3f5381e5ce2a",
            "label": null,
            "isExecuted": false,
            "group": null,
            "uuid": "be596daf-18d4-41cc-9120-36bb2ed0cedb"
        },
        {
            "@type": "WorkflowRoute",
            "name": "Start -> test1",
            "targetStep": "\/api\/3\/workflow_steps\/3dd691c9-933b-436c-ab85-6dc227bc348b",
            "sourceStep": "\/api\/3\/workflow_steps\/b575f7be-1bda-4521-b657-fa433ebdd710",
            "label": null,
            "isExecuted": false,
            "group": null,
            "uuid": "995c53e9-7909-4da3-a2c7-c90b63d30caa"
        },
        {
            "@type": "WorkflowRoute",
            "name": "test1_config -> extract_test1_config",
            "targetStep": "\/api\/3\/workflow_steps\/c0dcca73-d1fb-4888-bc59-d273f97a6d05",
            "sourceStep": "\/api\/3\/workflow_steps\/b0202299-cd37-4f60-a385-59ee58f865a4",
            "label": null,
            "isExecuted": false,
            "group": null,
            "uuid": "b9933588-4665-4a29-b788-1884091ec2bb"
        },
        {
            "@type": "WorkflowRoute",
            "name": "test1 -> extract_test1",
            "targetStep": "\/api\/3\/workflow_steps\/0b92e308-386d-4bd9-902f-c8dfb29fbc23",
            "sourceStep": "\/api\/3\/workflow_steps\/3dd691c9-933b-436c-ab85-6dc227bc348b",
            "label": null,
            "isExecuted": false,
            "group": null,
            "uuid": "66f33db2-30d5-4aff-b26e-3c98af6c980e"
        }
    ],
    "groups": [],
    "priority": "\/api\/3\/picklists\/2b563c61-ae2c-41c0-a85a-c9709585e3f2",
    "uuid": "024f959b-5957-4881-bb9e-b54a4ae1c178",
    "owners": [],
    "isPrivate": false,
    "deletedAt": null,
    "recordTags": []
}