{
    "@context": "\/api\/3\/contexts\/Workflow",
    "@type": "Workflow",
    "triggerLimit": null,
    "name": "> logout session",
    "aliasName": null,
    "tag": null,
    "description": "Logout a session",
    "isActive": true,
    "debug": true,
    "singleRecordExecution": false,
    "remoteExecutableFlag": false,
    "parameters": [
        "fortigate",
        "fos_session"
    ],
    "synchronous": false,
    "collection": "\/api\/3\/workflow_collections\/a13d3745-5bca-4241-a86d-a8ca1c97ad73",
    "versions": [],
    "triggerStep": "\/api\/3\/workflow_steps\/20d20f75-0b8d-457f-a89e-44f86559e504",
    "steps": [
        {
            "@type": "WorkflowStep",
            "name": "extract_logout_util_data",
            "description": null,
            "arguments": {
                "output": "{{vars.steps.logout_fg_util.data}}"
            },
            "status": null,
            "top": "160",
            "left": "380",
            "stepType": "\/api\/3\/workflow_step_types\/04d0cf46-b6a8-42c4-8683-60a7eaa69e8f",
            "group": null,
            "uuid": "259403b1-8929-44f3-80da-3f3789ff31ea"
        },
        {
            "@type": "WorkflowStep",
            "name": "logout_fg_util",
            "description": null,
            "arguments": {
                "params": {
                    "url": "https:\/\/{{vars.input.params.fortigate}}\/api\/v2\/authentication",
                    "body": "",
                    "method": "DELETE",
                    "params": "",
                    "verify": false,
                    "headers": "{  \"Content-Type\": \"json\",  \"accept\": \"application\/json\",  \"Authorization\": \"Bearer {{vars.input.params['fos_session']}}\"}",
                    "password": "",
                    "username": "",
                    "auth_config": ""
                },
                "version": "3.2.2",
                "connector": "cyops_utilities",
                "operation": "api_call",
                "operationTitle": "Utils: Make REST API Call",
                "step_variables": []
            },
            "status": null,
            "top": "60",
            "left": "380",
            "stepType": "\/api\/3\/workflow_step_types\/0109f35d-090b-4a2b-bd8a-94cbc3508562",
            "group": null,
            "uuid": "98071653-eee7-47ab-80cb-7a01cbc20e5d"
        },
        {
            "@type": "WorkflowStep",
            "name": "Start",
            "description": null,
            "arguments": {
                "step_variables": {
                    "input": {
                        "params": []
                    }
                }
            },
            "status": null,
            "top": "60",
            "left": "40",
            "stepType": "\/api\/3\/workflow_step_types\/b348f017-9a94-471f-87f8-ce88b6a7ad62",
            "group": null,
            "uuid": "20d20f75-0b8d-457f-a89e-44f86559e504"
        }
    ],
    "routes": [
        {
            "@type": "WorkflowRoute",
            "name": "logout_fg_util -> extract_logout_util_data",
            "targetStep": "\/api\/3\/workflow_steps\/259403b1-8929-44f3-80da-3f3789ff31ea",
            "sourceStep": "\/api\/3\/workflow_steps\/98071653-eee7-47ab-80cb-7a01cbc20e5d",
            "label": null,
            "isExecuted": false,
            "group": null,
            "uuid": "057b6ad1-f800-4f79-aa50-f13692024338"
        },
        {
            "@type": "WorkflowRoute",
            "name": "Start -> logout_fg_util",
            "targetStep": "\/api\/3\/workflow_steps\/98071653-eee7-47ab-80cb-7a01cbc20e5d",
            "sourceStep": "\/api\/3\/workflow_steps\/20d20f75-0b8d-457f-a89e-44f86559e504",
            "label": null,
            "isExecuted": false,
            "group": null,
            "uuid": "c07678de-5085-491d-91b4-461e3b270697"
        }
    ],
    "groups": [],
    "priority": "\/api\/3\/picklists\/2b563c61-ae2c-41c0-a85a-c9709585e3f2",
    "uuid": "5f0414fe-5fc9-45f8-8706-31caacc93584",
    "owners": [],
    "isPrivate": false,
    "deletedAt": null,
    "recordTags": [
        "Subroutine",
        "fortigate",
        "fos_session",
        "http_util"
    ]
}