{
    "@context": "\/api\/3\/contexts\/Workflow",
    "@type": "Workflow",
    "triggerLimit": null,
    "name": "> login via username\/password",
    "aliasName": null,
    "tag": null,
    "description": "Authenticate via username\/password and retrieve the token.",
    "isActive": true,
    "debug": false,
    "singleRecordExecution": false,
    "remoteExecutableFlag": false,
    "parameters": [
        "fortigate",
        "fos_user",
        "fos_password"
    ],
    "synchronous": false,
    "collection": "\/api\/3\/workflow_collections\/a13d3745-5bca-4241-a86d-a8ca1c97ad73",
    "versions": [],
    "triggerStep": "\/api\/3\/workflow_steps\/b5c54fcc-65b4-4573-bbba-5c07dfae4250",
    "steps": [
        {
            "@type": "WorkflowStep",
            "name": "extract_login_util_data",
            "description": null,
            "arguments": {
                "output": "{{vars.steps.login_fg_util.data}}"
            },
            "status": null,
            "top": "260",
            "left": "380",
            "stepType": "\/api\/3\/workflow_step_types\/04d0cf46-b6a8-42c4-8683-60a7eaa69e8f",
            "group": null,
            "uuid": "2aa7de3d-2aa8-409d-988f-9589bd89b3c4"
        },
        {
            "@type": "WorkflowStep",
            "name": "login_fg_util",
            "description": null,
            "arguments": {
                "params": {
                    "url": "https:\/\/{{vars.input.params.fortigate}}\/api\/v2\/authentication",
                    "body": "{  \n  \"username\": \"{{vars.fos_user}}\", \n  \"secretkey\": \"{{vars.fos_password}}\",  \n  \"ack_post_disclaimer\": true,\n  \"request_key\": true\n}",
                    "method": "POST",
                    "params": "",
                    "verify": false,
                    "headers": "{\n  \"Content-Type\": \"json\",\n  \"accept\": \"application\/json\"\n}",
                    "password": "",
                    "username": "",
                    "auth_config": ""
                },
                "version": "3.2.2",
                "connector": "cyops_utilities",
                "operation": "api_call",
                "operationTitle": "Utils: Make REST API Call",
                "step_variables": []
            },
            "status": null,
            "top": "160",
            "left": "380",
            "stepType": "\/api\/3\/workflow_step_types\/0109f35d-090b-4a2b-bd8a-94cbc3508562",
            "group": null,
            "uuid": "7f40924c-f251-4029-a9df-931f44201501"
        },
        {
            "@type": "WorkflowStep",
            "name": "setup_initial_vars",
            "description": "Create default username\/password",
            "arguments": {
                "fos_user": "{{vars.input.params['fos_user']|default('admin')}}",
                "fos_password": "{{vars.input.params['fos_password']|default('fortinet')}}"
            },
            "status": null,
            "top": "60",
            "left": "380",
            "stepType": "\/api\/3\/workflow_step_types\/04d0cf46-b6a8-42c4-8683-60a7eaa69e8f",
            "group": null,
            "uuid": "8d9ddf09-f14a-45f0-9c26-ae1c37af4bb5"
        },
        {
            "@type": "WorkflowStep",
            "name": "Start",
            "description": null,
            "arguments": {
                "step_variables": {
                    "input": {
                        "params": []
                    }
                }
            },
            "status": null,
            "top": "60",
            "left": "40",
            "stepType": "\/api\/3\/workflow_step_types\/b348f017-9a94-471f-87f8-ce88b6a7ad62",
            "group": null,
            "uuid": "b5c54fcc-65b4-4573-bbba-5c07dfae4250"
        }
    ],
    "routes": [
        {
            "@type": "WorkflowRoute",
            "name": "login_fg_util -> extract_login_data",
            "targetStep": "\/api\/3\/workflow_steps\/2aa7de3d-2aa8-409d-988f-9589bd89b3c4",
            "sourceStep": "\/api\/3\/workflow_steps\/7f40924c-f251-4029-a9df-931f44201501",
            "label": null,
            "isExecuted": false,
            "group": null,
            "uuid": "12dc0989-acb5-4dab-9a23-966d2bb6e7d8"
        },
        {
            "@type": "WorkflowRoute",
            "name": "setup_initial_vars -> login_fg_api",
            "targetStep": "\/api\/3\/workflow_steps\/7f40924c-f251-4029-a9df-931f44201501",
            "sourceStep": "\/api\/3\/workflow_steps\/8d9ddf09-f14a-45f0-9c26-ae1c37af4bb5",
            "label": null,
            "isExecuted": false,
            "group": null,
            "uuid": "6f30c71b-8820-4d2b-94b8-b67850ed9909"
        },
        {
            "@type": "WorkflowRoute",
            "name": "Start -> setup_initial_vars",
            "targetStep": "\/api\/3\/workflow_steps\/8d9ddf09-f14a-45f0-9c26-ae1c37af4bb5",
            "sourceStep": "\/api\/3\/workflow_steps\/b5c54fcc-65b4-4573-bbba-5c07dfae4250",
            "label": null,
            "isExecuted": false,
            "group": null,
            "uuid": "117dcef6-27a1-4937-b90b-95a3f3fe59ff"
        }
    ],
    "groups": [],
    "priority": "\/api\/3\/picklists\/2b563c61-ae2c-41c0-a85a-c9709585e3f2",
    "uuid": "a5e76e7d-6459-477a-ab5a-8529f04efc1d",
    "owners": [],
    "isPrivate": false,
    "deletedAt": null,
    "recordTags": [
        "Subroutine",
        "output",
        "fortigate",
        "http_util",
        "fos_password",
        "fos_user"
    ]
}