{
    "@context": "\/api\/3\/contexts\/Workflow",
    "@type": "Workflow",
    "triggerLimit": null,
    "name": "> Restore to Revision",
    "aliasName": null,
    "tag": null,
    "description": "Login, List revisions, Send restore command, and Logout",
    "isActive": true,
    "debug": true,
    "singleRecordExecution": false,
    "remoteExecutableFlag": false,
    "parameters": [
        "fortigate",
        "fos_user",
        "fos_password",
        "fos_revision"
    ],
    "synchronous": false,
    "collection": "\/api\/3\/workflow_collections\/a13d3745-5bca-4241-a86d-a8ca1c97ad73",
    "versions": [],
    "triggerStep": "\/api\/3\/workflow_steps\/74e4cddb-ef83-4163-9afe-c9452daf26d9",
    "steps": [
        {
            "@type": "WorkflowStep",
            "name": "extract_fos_login_data",
            "description": null,
            "arguments": {
                "fos_login_data": "{{vars.steps.fos_login.output}}"
            },
            "status": null,
            "top": "140",
            "left": "420",
            "stepType": "\/api\/3\/workflow_step_types\/04d0cf46-b6a8-42c4-8683-60a7eaa69e8f",
            "group": null,
            "uuid": "add9c422-f8bd-42f2-8b96-7118374aeb27"
        },
        {
            "@type": "WorkflowStep",
            "name": "extract_fos_logout_data",
            "description": null,
            "arguments": {
                "fos_logout_data": "{{vars.steps.fos_logout.output}}"
            },
            "status": null,
            "top": "440",
            "left": "60",
            "stepType": "\/api\/3\/workflow_step_types\/04d0cf46-b6a8-42c4-8683-60a7eaa69e8f",
            "group": null,
            "uuid": "652773d7-61f6-42d4-ae21-19a1ab2d1bd6"
        },
        {
            "@type": "WorkflowStep",
            "name": "extract_fos_set_fmg",
            "description": null,
            "arguments": {
                "fos_set_fmg_data": "{{vars.steps.fos_list_revisions.output}}"
            },
            "status": null,
            "top": "340",
            "left": "820",
            "stepType": "\/api\/3\/workflow_step_types\/04d0cf46-b6a8-42c4-8683-60a7eaa69e8f",
            "group": null,
            "uuid": "5eb1b2ae-74cf-4ca4-8ba6-938281390824"
        },
        {
            "@type": "WorkflowStep",
            "name": "fos_list_revisions",
            "description": null,
            "arguments": {
                "arguments": {
                    "fortigate": "{{vars.input.params.fortigate}}",
                    "fos_session": "{{vars.fos_login_data.session_key}}",
                    "revision_name": "{{vars.input.params['fos_revision']}}"
                },
                "apply_async": false,
                "step_variables": [],
                "pass_parent_env": false,
                "pass_input_record": false,
                "workflowReference": "\/api\/3\/workflows\/8c78d580-0f45-4a05-a1bd-c64b53ba8abc"
            },
            "status": null,
            "top": "140",
            "left": "820",
            "stepType": "\/api\/3\/workflow_step_types\/74932bdc-b8b6-4d24-88c4-1a4dfbc524f3",
            "group": null,
            "uuid": "81267155-f971-42f3-abee-5b5cd9b6ac65"
        },
        {
            "@type": "WorkflowStep",
            "name": "fos_login",
            "description": null,
            "arguments": {
                "arguments": {
                    "fos_user": "{{vars.input.params['fos_user']}}",
                    "fortigate": "{{vars.input.params.fortigate}}",
                    "fos_password": "{{vars.input.params['fos_password']}}"
                },
                "apply_async": false,
                "step_variables": [],
                "pass_parent_env": false,
                "pass_input_record": false,
                "workflowReference": "\/api\/3\/workflows\/a5e76e7d-6459-477a-ab5a-8529f04efc1d"
            },
            "status": null,
            "top": "60",
            "left": "420",
            "stepType": "\/api\/3\/workflow_step_types\/74932bdc-b8b6-4d24-88c4-1a4dfbc524f3",
            "group": null,
            "uuid": "3ce46602-bf4e-472b-a473-6b4cf5dab940"
        },
        {
            "@type": "WorkflowStep",
            "name": "fos_logout",
            "description": null,
            "arguments": {
                "arguments": {
                    "fortigate": "{{vars.input.params.fortigate}}",
                    "fos_session": "{{vars.fos_login_data.session_key}}"
                },
                "apply_async": false,
                "step_variables": [],
                "pass_parent_env": false,
                "pass_input_record": false,
                "workflowReference": "\/api\/3\/workflows\/5f0414fe-5fc9-45f8-8706-31caacc93584"
            },
            "status": null,
            "top": "340",
            "left": "60",
            "stepType": "\/api\/3\/workflow_step_types\/74932bdc-b8b6-4d24-88c4-1a4dfbc524f3",
            "group": null,
            "uuid": "6a95b4ff-9117-4643-9034-798747deab0c"
        },
        {
            "@type": "WorkflowStep",
            "name": "Start",
            "description": null,
            "arguments": {
                "step_variables": {
                    "input": {
                        "params": []
                    }
                }
            },
            "status": null,
            "top": "60",
            "left": "40",
            "stepType": "\/api\/3\/workflow_step_types\/b348f017-9a94-471f-87f8-ce88b6a7ad62",
            "group": null,
            "uuid": "74e4cddb-ef83-4163-9afe-c9452daf26d9"
        }
    ],
    "routes": [
        {
            "@type": "WorkflowRoute",
            "name": "extract_fos_login_data -> fos_set_fmg",
            "targetStep": "\/api\/3\/workflow_steps\/81267155-f971-42f3-abee-5b5cd9b6ac65",
            "sourceStep": "\/api\/3\/workflow_steps\/add9c422-f8bd-42f2-8b96-7118374aeb27",
            "label": null,
            "isExecuted": false,
            "group": null,
            "uuid": "961f33d9-8a8a-479a-bfed-5ef4a6de8011"
        },
        {
            "@type": "WorkflowRoute",
            "name": "extract_fos_set_fmg -> fos_logout",
            "targetStep": "\/api\/3\/workflow_steps\/6a95b4ff-9117-4643-9034-798747deab0c",
            "sourceStep": "\/api\/3\/workflow_steps\/5eb1b2ae-74cf-4ca4-8ba6-938281390824",
            "label": null,
            "isExecuted": false,
            "group": null,
            "uuid": "dd155cfe-9c81-4aa0-be0a-1376b0c8d827"
        },
        {
            "@type": "WorkflowRoute",
            "name": "fos_login -> extract_fos_login_data",
            "targetStep": "\/api\/3\/workflow_steps\/add9c422-f8bd-42f2-8b96-7118374aeb27",
            "sourceStep": "\/api\/3\/workflow_steps\/3ce46602-bf4e-472b-a473-6b4cf5dab940",
            "label": null,
            "isExecuted": false,
            "group": null,
            "uuid": "06b60032-7921-4175-a202-8a4bea2c5daa"
        },
        {
            "@type": "WorkflowRoute",
            "name": "fos_logout -> extract_fos_logout_data",
            "targetStep": "\/api\/3\/workflow_steps\/652773d7-61f6-42d4-ae21-19a1ab2d1bd6",
            "sourceStep": "\/api\/3\/workflow_steps\/6a95b4ff-9117-4643-9034-798747deab0c",
            "label": null,
            "isExecuted": false,
            "group": null,
            "uuid": "229bd9d0-efe6-4ab4-a86b-19769a0c432b"
        },
        {
            "@type": "WorkflowRoute",
            "name": "Start -> fos_login",
            "targetStep": "\/api\/3\/workflow_steps\/3ce46602-bf4e-472b-a473-6b4cf5dab940",
            "sourceStep": "\/api\/3\/workflow_steps\/74e4cddb-ef83-4163-9afe-c9452daf26d9",
            "label": null,
            "isExecuted": false,
            "group": null,
            "uuid": "bc9ccd92-cd81-453c-a175-9a0c27a4faf9"
        }
    ],
    "groups": [],
    "priority": "\/api\/3\/picklists\/2b563c61-ae2c-41c0-a85a-c9709585e3f2",
    "uuid": "59f1a880-3d31-444e-b457-799706ef38ac",
    "owners": [],
    "isPrivate": false,
    "deletedAt": null,
    "recordTags": [
        "Subroutine",
        "fortigate",
        "fos_session",
        "fmg",
        "fos_password"
    ]
}