{
    "@context": "\/api\/3\/contexts\/Workflow",
    "@type": "Workflow",
    "triggerLimit": null,
    "name": "> Set FMG on FG",
    "aliasName": null,
    "tag": null,
    "description": "Login, Set FMG, and Logout",
    "isActive": true,
    "debug": true,
    "singleRecordExecution": false,
    "remoteExecutableFlag": false,
    "parameters": [
        "fortigate",
        "fos_user",
        "fos_password",
        "fmg"
    ],
    "synchronous": false,
    "collection": "\/api\/3\/workflow_collections\/a13d3745-5bca-4241-a86d-a8ca1c97ad73",
    "versions": [],
    "triggerStep": "\/api\/3\/workflow_steps\/bb14dfcf-ac35-4b46-a8f4-8e9914a99a6c",
    "steps": [
        {
            "@type": "WorkflowStep",
            "name": "extract_fos_login_data",
            "description": null,
            "arguments": {
                "fos_login_data": "{{vars.steps.fos_login.output}}"
            },
            "status": null,
            "top": "140",
            "left": "420",
            "stepType": "\/api\/3\/workflow_step_types\/04d0cf46-b6a8-42c4-8683-60a7eaa69e8f",
            "group": null,
            "uuid": "f3087533-e71b-41ce-acc9-aa24b8c30d59"
        },
        {
            "@type": "WorkflowStep",
            "name": "extract_fos_logout_data",
            "description": null,
            "arguments": {
                "fos_logout_data": "{{vars.steps.fos_logout.output}}"
            },
            "status": null,
            "top": "440",
            "left": "60",
            "stepType": "\/api\/3\/workflow_step_types\/04d0cf46-b6a8-42c4-8683-60a7eaa69e8f",
            "group": null,
            "uuid": "a17f2eca-0baa-4620-ba67-fb43b5f19419"
        },
        {
            "@type": "WorkflowStep",
            "name": "extract_fos_set_fmg",
            "description": null,
            "arguments": {
                "fos_set_fmg_data": "{{vars.steps.fos_set_fmg.output}}"
            },
            "status": null,
            "top": "340",
            "left": "820",
            "stepType": "\/api\/3\/workflow_step_types\/04d0cf46-b6a8-42c4-8683-60a7eaa69e8f",
            "group": null,
            "uuid": "3f2c6c18-a9e3-4f62-bee6-fc6706b59df3"
        },
        {
            "@type": "WorkflowStep",
            "name": "fos_login",
            "description": null,
            "arguments": {
                "arguments": {
                    "fos_user": "{{vars.input.params['fos_user']}}",
                    "fortigate": "{{vars.input.params.fortigate}}",
                    "fos_password": "{{vars.input.params['fos_password']}}"
                },
                "apply_async": false,
                "step_variables": [],
                "pass_parent_env": false,
                "pass_input_record": false,
                "workflowReference": "\/api\/3\/workflows\/a5e76e7d-6459-477a-ab5a-8529f04efc1d"
            },
            "status": null,
            "top": "60",
            "left": "420",
            "stepType": "\/api\/3\/workflow_step_types\/74932bdc-b8b6-4d24-88c4-1a4dfbc524f3",
            "group": null,
            "uuid": "bf1b620b-c8d6-40a9-8fc6-477d9036346e"
        },
        {
            "@type": "WorkflowStep",
            "name": "fos_logout",
            "description": null,
            "arguments": {
                "arguments": {
                    "fortigate": "{{vars.input.params.fortigate}}",
                    "fos_session": "{{vars.fos_login_data.session_key}}"
                },
                "apply_async": false,
                "step_variables": [],
                "pass_parent_env": false,
                "pass_input_record": false,
                "workflowReference": "\/api\/3\/workflows\/5f0414fe-5fc9-45f8-8706-31caacc93584"
            },
            "status": null,
            "top": "340",
            "left": "60",
            "stepType": "\/api\/3\/workflow_step_types\/74932bdc-b8b6-4d24-88c4-1a4dfbc524f3",
            "group": null,
            "uuid": "4284b008-f6dd-4140-8758-fa18029785de"
        },
        {
            "@type": "WorkflowStep",
            "name": "fos_set_fmg",
            "description": null,
            "arguments": {
                "arguments": {
                    "fmg": "{{vars.input.params.fmg}}",
                    "fortigate": "{{vars.input.params.fortigate}}",
                    "fos_session": "{{vars.fos_login_data.session_key}}"
                },
                "apply_async": false,
                "step_variables": [],
                "pass_parent_env": false,
                "pass_input_record": false,
                "workflowReference": "\/api\/3\/workflows\/dd986dfa-78d3-4f03-b7ed-9d785e6f23a9"
            },
            "status": null,
            "top": "260",
            "left": "820",
            "stepType": "\/api\/3\/workflow_step_types\/74932bdc-b8b6-4d24-88c4-1a4dfbc524f3",
            "group": null,
            "uuid": "d7d06a09-e75a-41ab-a315-15c01b5b631d"
        },
        {
            "@type": "WorkflowStep",
            "name": "Start",
            "description": null,
            "arguments": {
                "step_variables": {
                    "input": {
                        "params": []
                    }
                }
            },
            "status": null,
            "top": "60",
            "left": "40",
            "stepType": "\/api\/3\/workflow_step_types\/b348f017-9a94-471f-87f8-ce88b6a7ad62",
            "group": null,
            "uuid": "bb14dfcf-ac35-4b46-a8f4-8e9914a99a6c"
        }
    ],
    "routes": [
        {
            "@type": "WorkflowRoute",
            "name": "extract_fos_login_data -> fos_set_fmg",
            "targetStep": "\/api\/3\/workflow_steps\/d7d06a09-e75a-41ab-a315-15c01b5b631d",
            "sourceStep": "\/api\/3\/workflow_steps\/f3087533-e71b-41ce-acc9-aa24b8c30d59",
            "label": null,
            "isExecuted": false,
            "group": null,
            "uuid": "8e21c908-cfc5-4911-be43-1e22aa456626"
        },
        {
            "@type": "WorkflowRoute",
            "name": "extract_fos_set_fmg -> fos_logout",
            "targetStep": "\/api\/3\/workflow_steps\/4284b008-f6dd-4140-8758-fa18029785de",
            "sourceStep": "\/api\/3\/workflow_steps\/3f2c6c18-a9e3-4f62-bee6-fc6706b59df3",
            "label": null,
            "isExecuted": false,
            "group": null,
            "uuid": "26387ae6-4f71-40f7-8457-0e2b0017c35b"
        },
        {
            "@type": "WorkflowRoute",
            "name": "fos_login -> extract_fos_login_data",
            "targetStep": "\/api\/3\/workflow_steps\/f3087533-e71b-41ce-acc9-aa24b8c30d59",
            "sourceStep": "\/api\/3\/workflow_steps\/bf1b620b-c8d6-40a9-8fc6-477d9036346e",
            "label": null,
            "isExecuted": false,
            "group": null,
            "uuid": "b4fe61f3-1737-4f16-ae09-849a4b426d01"
        },
        {
            "@type": "WorkflowRoute",
            "name": "fos_logout -> extract_fos_logout_data",
            "targetStep": "\/api\/3\/workflow_steps\/a17f2eca-0baa-4620-ba67-fb43b5f19419",
            "sourceStep": "\/api\/3\/workflow_steps\/4284b008-f6dd-4140-8758-fa18029785de",
            "label": null,
            "isExecuted": false,
            "group": null,
            "uuid": "b2a9e7ab-6a89-468d-b8ba-d0ab596a49d0"
        },
        {
            "@type": "WorkflowRoute",
            "name": "fos_set_fmg -> extract_fos_set_fmg",
            "targetStep": "\/api\/3\/workflow_steps\/3f2c6c18-a9e3-4f62-bee6-fc6706b59df3",
            "sourceStep": "\/api\/3\/workflow_steps\/d7d06a09-e75a-41ab-a315-15c01b5b631d",
            "label": null,
            "isExecuted": false,
            "group": null,
            "uuid": "14b441a8-f035-4ede-aa59-0a2c92678056"
        },
        {
            "@type": "WorkflowRoute",
            "name": "Start -> fos_login",
            "targetStep": "\/api\/3\/workflow_steps\/bf1b620b-c8d6-40a9-8fc6-477d9036346e",
            "sourceStep": "\/api\/3\/workflow_steps\/bb14dfcf-ac35-4b46-a8f4-8e9914a99a6c",
            "label": null,
            "isExecuted": false,
            "group": null,
            "uuid": "e8fc3785-2d89-4e58-adb8-cf2c24010364"
        }
    ],
    "groups": [],
    "priority": "\/api\/3\/picklists\/2b563c61-ae2c-41c0-a85a-c9709585e3f2",
    "uuid": "df81d066-bce3-4c69-aeac-ead39e3bcd54",
    "owners": [],
    "isPrivate": false,
    "deletedAt": null,
    "recordTags": [
        "Subroutine",
        "fortigate",
        "fos_session",
        "fmg",
        "fos_password"
    ]
}
