{
    "@context": "\/api\/3\/contexts\/Workflow",
    "@type": "Workflow",
    "triggerLimit": null,
    "name": ">> find and return fgt revisions",
    "aliasName": null,
    "tag": null,
    "description": "Perform a List revisions call, and optionally filter by latest name",
    "isActive": true,
    "debug": true,
    "singleRecordExecution": false,
    "remoteExecutableFlag": false,
    "parameters": [
        "fortigate",
        "fos_session",
        "revision_name"
    ],
    "synchronous": false,
    "collection": "\/api\/3\/workflow_collections\/a13d3745-5bca-4241-a86d-a8ca1c97ad73",
    "versions": [],
    "triggerStep": "\/api\/3\/workflow_steps\/32341b58-6c27-420e-a13b-bcdea993c51b",
    "steps": [
        {
            "@type": "WorkflowStep",
            "name": "extract_fos_util_results",
            "description": null,
            "arguments": {
                "revisions": "{{vars.steps.list_revisions.data.results.revisions}}"
            },
            "status": null,
            "top": "180",
            "left": "380",
            "stepType": "\/api\/3\/workflow_step_types\/04d0cf46-b6a8-42c4-8683-60a7eaa69e8f",
            "group": null,
            "uuid": "d2215889-ba59-42ab-824c-3408fff45131"
        },
        {
            "@type": "WorkflowStep",
            "name": "Filter revisions by name",
            "description": null,
            "arguments": {
                "revision": "{{vars.revisions | json_query('[?contains(comment,`{}`)]'.format(vars.input.params['revision_name']))| first}}"
            },
            "status": null,
            "top": "300",
            "left": "380",
            "stepType": "\/api\/3\/workflow_step_types\/04d0cf46-b6a8-42c4-8683-60a7eaa69e8f",
            "group": null,
            "uuid": "1f23552b-8a14-4877-ba49-bfda86b91bad"
        },
        {
            "@type": "WorkflowStep",
            "name": "list_revisions",
            "description": null,
            "arguments": {
                "params": {
                    "url": "https:\/\/{{vars.input.params.fortigate}}\/api\/v2\/monitor\/system\/config-revision",
                    "body": "",
                    "method": "GET",
                    "params": "",
                    "verify": false,
                    "headers": "{  \"Content-Type\": \"json\",  \"accept\": \"application\/json\",  \"Authorization\": \"Bearer {{vars.input.params['fos_session']}}\"}",
                    "password": "",
                    "username": "",
                    "auth_config": ""
                },
                "version": "3.2.2",
                "connector": "cyops_utilities",
                "operation": "api_call",
                "operationTitle": "Utils: Make REST API Call",
                "step_variables": []
            },
            "status": null,
            "top": "60",
            "left": "380",
            "stepType": "\/api\/3\/workflow_step_types\/0109f35d-090b-4a2b-bd8a-94cbc3508562",
            "group": null,
            "uuid": "03b331b3-d0d7-41e1-81c2-b6ac9bbc7a99"
        },
        {
            "@type": "WorkflowStep",
            "name": "Start",
            "description": null,
            "arguments": {
                "step_variables": {
                    "input": {
                        "params": []
                    }
                }
            },
            "status": null,
            "top": "60",
            "left": "40",
            "stepType": "\/api\/3\/workflow_step_types\/b348f017-9a94-471f-87f8-ce88b6a7ad62",
            "group": null,
            "uuid": "32341b58-6c27-420e-a13b-bcdea993c51b"
        }
    ],
    "routes": [
        {
            "@type": "WorkflowRoute",
            "name": "extract_fos_util_results -> Copy of extract_fos_util_results",
            "targetStep": "\/api\/3\/workflow_steps\/1f23552b-8a14-4877-ba49-bfda86b91bad",
            "sourceStep": "\/api\/3\/workflow_steps\/d2215889-ba59-42ab-824c-3408fff45131",
            "label": null,
            "isExecuted": false,
            "group": null,
            "uuid": "006c1c6a-12c7-4a43-8cd1-54d9efb5f91b"
        },
        {
            "@type": "WorkflowRoute",
            "name": "set_fmg_util -> Copy of extract_fos_http_results",
            "targetStep": "\/api\/3\/workflow_steps\/d2215889-ba59-42ab-824c-3408fff45131",
            "sourceStep": "\/api\/3\/workflow_steps\/03b331b3-d0d7-41e1-81c2-b6ac9bbc7a99",
            "label": null,
            "isExecuted": false,
            "group": null,
            "uuid": "aa13a827-a26a-4205-bc8c-36060ceef2b3"
        },
        {
            "@type": "WorkflowRoute",
            "name": "Start -> set_fmg_util",
            "targetStep": "\/api\/3\/workflow_steps\/03b331b3-d0d7-41e1-81c2-b6ac9bbc7a99",
            "sourceStep": "\/api\/3\/workflow_steps\/32341b58-6c27-420e-a13b-bcdea993c51b",
            "label": null,
            "isExecuted": false,
            "group": null,
            "uuid": "9dfb1730-3c16-4253-8c27-4571a5994ffc"
        }
    ],
    "groups": [
        {
            "@type": "WorkflowGroup",
            "name": "Notes",
            "description": "This playbook will search for revisions containing that name, and return the most recent revision with that name.",
            "type": "note",
            "isCollapsed": false,
            "hasTriggerStep": false,
            "hideInLogs": true,
            "metadata": [],
            "reusable": false,
            "top": "60",
            "left": "720",
            "height": "128",
            "width": "326",
            "uuid": "4952c060-0358-46fb-bfd2-81bdbdffb8c4",
            "recordTags": []
        }
    ],
    "priority": "\/api\/3\/picklists\/2b563c61-ae2c-41c0-a85a-c9709585e3f2",
    "uuid": "8c78d580-0f45-4a05-a1bd-c64b53ba8abc",
    "owners": [],
    "isPrivate": false,
    "deletedAt": null,
    "recordTags": [
        "Subroutine",
        "fortigate",
        "fos_session",
        "http_util",
        "fmg"
    ]
}