{
    "@context": "\/api\/3\/contexts\/SystemViewTemplate",
    "@type": "SystemViewTemplate",
    "type": "app",
    "config": {
        "navigation": [
            {
                "icon": "icon icon-dashboard",
                "state": {
                    "name": "main.dashboard",
                    "parameters": []
                },
                "title": "Dashboard",
                "require": {
                    "action": "read",
                    "module": "dashboard"
                },
                "editMode": false
            },
            {
                "icon": "icon icon-queue-members",
                "state": {
                    "name": "main.assignment_automation_entry"
                },
                "title": "Queue & Shift Management",
                "require": {
                    "action": "read",
                    "module": "fsr_queues"
                },
                "editMode": false
            },
            {
                "icon": "icon icon-incident-response",
                "items": [
                    {
                        "icon": "icon icon-alert",
                        "state": {
                            "name": "main.modules.list",
                            "parameters": {
                                "module": "alerts"
                            }
                        },
                        "title": "Alerts",
                        "require": {
                            "action": "read",
                            "module": "alerts"
                        },
                        "editMode": false
                    },
                    {
                        "icon": "icon icon-incidents",
                        "state": {
                            "name": "main.modules.list",
                            "parameters": {
                                "module": "incidents"
                            }
                        },
                        "title": "Incidents",
                        "require": {
                            "action": "read",
                            "module": "incidents"
                        },
                        "editMode": false
                    },
                    {
                        "icon": "icon icon-tasks",
                        "state": {
                            "name": "main.modules.list",
                            "parameters": {
                                "module": "tasks"
                            }
                        },
                        "title": "Tasks",
                        "require": {
                            "action": "read",
                            "module": "tasks"
                        },
                        "editMode": false
                    },
                    {
                        "icon": "icon icon-indicators",
                        "state": {
                            "name": "main.modules.list",
                            "parameters": {
                                "module": "indicators"
                            }
                        },
                        "title": "Indicators",
                        "require": {
                            "action": "read",
                            "module": "indicators"
                        },
                        "editMode": false
                    },
                    {
                        "icon": "fa fa-money",
                        "state": {
                            "name": "main.modules.list",
                            "parameters": {
                                "module": "campaigns"
                            }
                        },
                        "title": "Campaigns",
                        "require": {
                            "action": "read",
                            "module": "campaigns"
                        },
                        "editMode": false
                    },
                    {
                        "icon": "fa fa-space-shuttle",
                        "state": {
                            "name": "main.modules.list",
                            "parameters": {
                                "module": "hunt"
                            }
                        },
                        "title": "Hunts",
                        "require": {
                            "action": "read",
                            "module": "hunt"
                        },
                        "editMode": false
                    },
                    {
                        "icon": "icon icon-war-room",
                        "state": {
                            "name": "main.modules.list",
                            "parameters": {
                                "module": "warrooms"
                            }
                        },
                        "title": "War Rooms",
                        "require": {
                            "action": "read",
                            "module": "warrooms"
                        },
                        "editMode": false
                    },
                    {
                        "icon": "icon icon-email-templates",
                        "state": {
                            "name": "main.modules.list",
                            "parameters": {
                                "module": "communication"
                            }
                        },
                        "title": "Communications",
                        "require": {
                            "action": "read",
                            "module": "communication"
                        },
                        "editMode": false
                    }
                ],
                "title": "Incident Response",
                "editMode": false
            },
            {
                "icon": "icon icon-automation",
                "items": [
                    {
                        "icon": "icon icon-playbooks",
                        "state": {
                            "name": "main.workflow"
                        },
                        "title": "Playbooks",
                        "require": {
                            "action": "read",
                            "module": "workflows"
                        },
                        "editMode": false
                    },
                    {
                        "icon": "icon icon-connectors",
                        "state": {
                            "name": "main.connectors"
                        },
                        "title": "Connectors",
                        "require": {
                            "action": "read",
                            "module": "connectors"
                        },
                        "editMode": false
                    },
                    {
                        "icon": "icon icon-updates",
                        "state": {
                            "name": "main.dataIngestion"
                        },
                        "title": "Data Ingestion",
                        "require": {
                            "action": "read",
                            "module": "connectors"
                        },
                        "editMode": false
                    },
                    {
                        "icon": "icon icon-schedules",
                        "state": {
                            "name": "main.schedules"
                        },
                        "title": "Schedules",
                        "require": {
                            "action": "read",
                            "module": "schedules"
                        },
                        "editMode": false
                    },
                    {
                        "icon": "fa fa-clock-o",
                        "state": {
                            "name": "main.modules.list",
                            "parameters": {
                                "module": "sla_template"
                            }
                        },
                        "title": "SLA Templates",
                        "require": {
                            "action": "read",
                            "module": "sla_template"
                        },
                        "editMode": false
                    }
                ],
                "title": "Automation",
                "editMode": false
            },
            {
                "icon": "icon icon-resources",
                "items": [
                    {
                        "icon": "icon icon-attachments",
                        "state": {
                            "name": "main.modules.list",
                            "parameters": {
                                "module": "attachments"
                            }
                        },
                        "title": "Attachments",
                        "require": {
                            "action": "read",
                            "module": "attachments"
                        },
                        "editMode": false
                    },
                    {
                        "icon": "icon icon-assets",
                        "state": {
                            "name": "main.modules.list",
                            "parameters": {
                                "module": "assets"
                            }
                        },
                        "title": "Assets",
                        "require": {
                            "action": "read",
                            "module": "assets"
                        },
                        "editMode": false
                    },
                    {
                        "icon": "icon icon-email-templates",
                        "state": {
                            "name": "main.modules.list",
                            "parameters": {
                                "module": "email_templates"
                            }
                        },
                        "title": "Email Templates",
                        "require": {
                            "action": "read",
                            "module": "email_templates"
                        },
                        "editMode": false
                    },
                    {
                        "icon": "icon icon-single-line-item",
                        "state": {
                            "name": "main.modules.list",
                            "parameters": {
                                "module": "policies"
                            }
                        },
                        "title": "Policies",
                        "require": {
                            "action": "read",
                            "module": "policies"
                        },
                        "editMode": false
                    }
                ],
                "title": "Resources",
                "editMode": false
            },
            {
                "icon": "icon icon-reports",
                "state": {
                    "name": "main.reporting",
                    "parameters": []
                },
                "title": "Reports",
                "require": {
                    "action": "read",
                    "module": "reporting"
                },
                "editMode": false
            },
            {
                "icon": "icon icon-widget",
                "state": {
                    "name": "main.widgets",
                    "parameters": []
                },
                "title": "Widget Library",
                "require": {
                    "action": "read",
                    "module": "widgets"
                },
                "editMode": false
            },
            {
                "icon": "icon icon-content-hub",
                "state": {
                    "name": "main.marketplace"
                },
                "title": "Content Hub",
                "require": {
                    "action": "read",
                    "module": "contentHub"
                },
                "editMode": false
            },
            {
                "url": "https:\/\/docs.fortinet.com\/product\/fortisoar",
                "icon": "icon icon-help",
                "state": {
                    "name": "main.pages",
                    "parameters": {
                        "module": "help"
                    }
                },
                "title": "Help",
                "editMode": false,
                "openInNewTab": true
            },
            {
                "url": "https:\/\/fusecommunity.fortinet.com\/groups\/community-home?CommunityKey=9f1420e8-e3c6-4535-8cae-3fa714da66d8",
                "icon": "icon icon-users",
                "state": {
                    "name": "main.pages",
                    "parameters": {
                        "module": "user-community"
                    }
                },
                "title": "User Community",
                "editMode": false,
                "openInNewTab": true
            },
            {
                "icon": "fa fa-play",
                "open": false,
                "state": {
                    "name": "main.modules.list",
                    "parameters": {
                        "module": "scenario"
                    }
                },
                "title": "Simulations",
                "require": {
                    "action": "read",
                    "module": "scenario"
                },
                "editMode": false,
                "isEnabled": false,
                "openStatus": false
            }
        ]
    },
    "uuid": "navigation"
}