[
    {
        "@context": "\/api\/3\/contexts\/Person",
        "@type": "Person",
        "firstname": "soc",
        "lastname": "User4",
        "title": null,
        "department": null,
        "email": "socuser4@financial.local",
        "description": null,
        "phoneFax": null,
        "phoneHome": null,
        "phoneMobile": null,
        "phoneWork": null,
        "csActive": false,
        "accessType": "Concurrent",
        "companyId": null,
        "type": "\/api\/3\/picklists\/b2c88c63-4eb0-4601-a8a7-907f62822c25",
        "userType": null,
        "avatar": null,
        "uuid": "987f4d36-5bfe-4319-be9c-b8a962e4fed7",
        "roles": [
            "\/api\/3\/roles\/7b56d139-7ee6-455e-8658-35727e202b8a"
        ],
        "teams": [
            "\/api\/3\/teams\/6e569c09-3bd4-40f1-98b0-cc994464c3c5"
        ],
        "userId": "6cc3c373-28d0-4e0f-940b-9c796216682c",
        "@settings": "\/api\/3\/user_settings\/987f4d36-5bfe-4319-be9c-b8a962e4fed7",
        "@userSettings": [],
        "user": {
            "loginid": "socuser4",
            "uuid": "6cc3c373-28d0-4e0f-940b-9c796216682c",
            "user_type": 2,
            "access_type": "Concurrent",
            "status": 2,
            "domain": "jhilving-jhilving-fsrlab-20230103.fortidemo.fortinet.com",
            "bind_name": null,
            "tenant": "exo-ui",
            "is_logged_in": false
        }
    },
    {
        "@context": "\/api\/3\/contexts\/Person",
        "@type": "Person",
        "firstname": "Soc",
        "lastname": "User1",
        "title": null,
        "department": null,
        "email": "socuser1@financial.local",
        "description": null,
        "phoneFax": null,
        "phoneHome": null,
        "phoneMobile": null,
        "phoneWork": null,
        "csActive": false,
        "accessType": "Concurrent",
        "companyId": null,
        "type": "\/api\/3\/picklists\/b2c88c63-4eb0-4601-a8a7-907f62822c25",
        "userType": null,
        "avatar": null,
        "uuid": "917c7beb-f717-4e05-a782-c9da9d624950",
        "roles": [
            "\/api\/3\/roles\/7b56d139-7ee6-455e-8658-35727e202b8a"
        ],
        "teams": [
            "\/api\/3\/teams\/6e569c09-3bd4-40f1-98b0-cc994464c3c5"
        ],
        "userId": "a24d8d0d-a0e4-4081-bfc2-aaf27eec77ae",
        "@settings": "\/api\/3\/user_settings\/917c7beb-f717-4e05-a782-c9da9d624950",
        "@userSettings": {
            "user": {
                "view": {
                    "details": {
                        "tasks": {
                            "subtabs": {
                                "Correlations": "attachments"
                            },
                            "openCollab": false,
                            "selectedTab": "Audit Log"
                        },
                        "alerts": {
                            "subtabs": {
                                "Indicators": "indicators"
                            }
                        }
                    },
                    "modules-alerts-list": {
                        "chart": {
                            "a1d791b1-2dbe-45fb-b03e-4212f5a76b13": "expanded",
                            "f9eb224f-b6bb-4480-a5df-f43dc0ab6d5d": "expanded"
                        }
                    }
                },
                "notifications": {
                    "upgradeNotificationSeen": "7.3.0"
                }
            }
        },
        "user": {
            "loginid": "socuser1",
            "uuid": "a24d8d0d-a0e4-4081-bfc2-aaf27eec77ae",
            "user_type": 2,
            "access_type": "Concurrent",
            "status": 2,
            "domain": "jhilving-jhilving-fsrlab-20230103.fortidemo.fortinet.com",
            "bind_name": null,
            "tenant": "exo-ui",
            "is_logged_in": false
        }
    },
    {
        "@context": "\/api\/3\/contexts\/Person",
        "@type": "Person",
        "firstname": "Soc",
        "lastname": "User2",
        "title": null,
        "department": null,
        "email": "socuser2@financial.local",
        "description": null,
        "phoneFax": null,
        "phoneHome": null,
        "phoneMobile": null,
        "phoneWork": null,
        "csActive": false,
        "accessType": "Concurrent",
        "companyId": null,
        "type": "\/api\/3\/picklists\/b2c88c63-4eb0-4601-a8a7-907f62822c25",
        "userType": null,
        "avatar": null,
        "uuid": "8e5fe810-2a1b-4610-a58c-4d79dc138991",
        "roles": [
            "\/api\/3\/roles\/7b56d139-7ee6-455e-8658-35727e202b8a"
        ],
        "teams": [
            "\/api\/3\/teams\/6e569c09-3bd4-40f1-98b0-cc994464c3c5"
        ],
        "userId": "798028db-226f-4e6c-b163-7efcc4555026",
        "@settings": "\/api\/3\/user_settings\/8e5fe810-2a1b-4610-a58c-4d79dc138991",
        "@userSettings": {
            "user": {
                "view": {
                    "details": {
                        "tasks": {
                            "subtabs": {
                                "Correlations": "attachments"
                            },
                            "openCollab": false
                        }
                    }
                }
            }
        },
        "user": {
            "loginid": "socuser2",
            "uuid": "798028db-226f-4e6c-b163-7efcc4555026",
            "user_type": 2,
            "access_type": "Concurrent",
            "status": 2,
            "domain": "jhilving-jhilving-fsrlab-20230103.fortidemo.fortinet.com",
            "bind_name": null,
            "tenant": "exo-ui",
            "is_logged_in": false
        }
    },
    {
        "@context": "\/api\/3\/contexts\/Person",
        "@type": "Person",
        "firstname": "Soc",
        "lastname": "User3",
        "title": null,
        "department": null,
        "email": "socuser3@financial.local",
        "description": null,
        "phoneFax": null,
        "phoneHome": null,
        "phoneMobile": null,
        "phoneWork": null,
        "csActive": false,
        "accessType": "Concurrent",
        "companyId": null,
        "type": "\/api\/3\/picklists\/b2c88c63-4eb0-4601-a8a7-907f62822c25",
        "userType": null,
        "avatar": null,
        "uuid": "cea77870-b83c-4243-8f06-782880dfbfe3",
        "roles": [
            "\/api\/3\/roles\/7b56d139-7ee6-455e-8658-35727e202b8a"
        ],
        "teams": [
            "\/api\/3\/teams\/6e569c09-3bd4-40f1-98b0-cc994464c3c5"
        ],
        "userId": "cf52b314-f684-4539-989b-96ee9691797d",
        "@settings": "\/api\/3\/user_settings\/cea77870-b83c-4243-8f06-782880dfbfe3",
        "@userSettings": [],
        "user": {
            "loginid": "socuser3",
            "uuid": "cf52b314-f684-4539-989b-96ee9691797d",
            "user_type": 2,
            "access_type": "Concurrent",
            "status": 2,
            "domain": "jhilving-jhilving-fsrlab-20230103.fortidemo.fortinet.com",
            "bind_name": null,
            "tenant": "exo-ui",
            "is_logged_in": false
        }
    },
    {
        "@context": "\/api\/3\/contexts\/Person",
        "@type": "Person",
        "firstname": "Soc",
        "lastname": "User5",
        "title": null,
        "department": null,
        "email": "socuser5@financial.local",
        "description": null,
        "phoneFax": null,
        "phoneHome": null,
        "phoneMobile": null,
        "phoneWork": null,
        "csActive": false,
        "accessType": "Concurrent",
        "companyId": null,
        "type": "\/api\/3\/picklists\/b2c88c63-4eb0-4601-a8a7-907f62822c25",
        "userType": null,
        "avatar": null,
        "uuid": "e38206f5-5d6b-4913-8a44-a8955c2d3ace",
        "roles": [
            "\/api\/3\/roles\/7b56d139-7ee6-455e-8658-35727e202b8a"
        ],
        "teams": [
            "\/api\/3\/teams\/6e569c09-3bd4-40f1-98b0-cc994464c3c5"
        ],
        "userId": "2e337d94-033a-48db-af13-fdec568df181",
        "@settings": "\/api\/3\/user_settings\/e38206f5-5d6b-4913-8a44-a8955c2d3ace",
        "@userSettings": [],
        "user": {
            "loginid": "socuser5",
            "uuid": "2e337d94-033a-48db-af13-fdec568df181",
            "user_type": 2,
            "access_type": "Concurrent",
            "status": 2,
            "domain": "jhilving-jhilving-fsrlab-20230103.fortidemo.fortinet.com",
            "bind_name": null,
            "tenant": "exo-ui",
            "is_logged_in": false
        }
    }
]